username,followees
kehuantiantang,1.0
Geonhee-LEE,19.0
zhenghao977,1.0
billzhaox,1.0
yakunpku,1.0
elonashatri,14.0
evavanrooijen,3.0
MahdiAbdolmohammadi,0.0
Olembo,0.0
tulacik,0.0
Shawn-Guo-CN,38.0
QCOIN-LAB,0.0
pedrob37,0.0
lingchuL,19.0
g1wang,4.0
EthanRosenthal,15.0
Joyce94,169.0
pd90506,2.0
tomdburns,1.0
guolinbuaa,0.0
gdelacruzfdez,10.0
Yukiyousa,63.0
erickingxu,12.0
biditdas18,8.0
vnj64,5.0
Smorodov,33.0
raheelqader,2.0
theidentity,2.0
nuaazs,165.0
kooyunmo,18.0
gajdikuka,
hiroyasuakada,6.0
LeifYaoYuXiang,30.0
xvdp,0.0
UncleThree0402,29.0
jas-nat,6.0
DrTang2000,3.0
ZengyuanYu,2.0
LvXueshuai,0.0
ziqi-zhang,314.0
gautam-sharma1,0.0
jiayongzhang,6.0
UditSinghParihar,51.0
anushmite,1.0
vidursatija,65.0
zack-yu666,0.0
LizzieTang,1.0
marsolo93,1.0
NuealYoon,11.0
rskmoi,3.0
kawhidiot,
billtubbs,14.0
Xiehuaiqi,3.0
Optimus1072,7.0
polasha,2.0
Wangt-CN,9.0
ElifCerenGok,10.0
Sandbox3aster,33.0
Nakanoma,0.0
youssefshoeb,1.0
fcorencoret,0.0
maheshambule,6.0
AuCson,38.0
cxiang26,6.0
mits58,2.0
mingman514,4.0
NguyenThanhAI,5.0
ZhZhang711,0.0
Harryi0,0.0
ritwikbera,2.0
NitzanHod,0.0
xkiwilabs,1.0
uchida-takumi,1.0
xelahalo,12.0
justusschock,29.0
CuriousCat-7,98.0
KarimElshetihy,14.0
dragen1860,22.0
mehdi-mirzapour,7.0
Glushiator,9.0
vprayagala,0.0
djosix,174.0
hz-ants,1.0
RyanRizzo96,3.0
Kevin-JisuKim,1.0
trieutranq,2.0
ashawkey,192.0
mlpotter,5.0
vakkov,2.0
probtorch,0.0
dailai,0.0
heming-zhang,23.0
splionar,3.0
TreezzZ,11.0
jiantenggei,4.0
BigChungusDaddy,1.0
RorschachChen,63.0
holdfire,12.0
r4ho,0.0
KIMI-debug-maker,0.0
DableUTeeF,0.0
lt-asset,0.0
roguh,156.0
ihollywhy,19.0
zhenshen-mla,1.0
liucongg,17.0
mousecpn,16.0
KongBe1999,0.0
1058011747,5.0
BurnhamG,0.0
martius-lab,0.0
CalumMacLellan1995,0.0
rohan1561,1.0
ntkhoa95,41.0
AndreaCossu,20.0
DebeshJha,70.0
annadapb,1.0
thanhhau097,0.0
meizaguirre86,0.0
arynoviyanto2,0.0
BruceJust,6.0
Vipermdl,65.0
hyungminr,1.0
mrcgliu,
lihao2333,27.0
dongyang2,0.0
henie2333,2.0
ksadowski13,7.0
aqbewtra,4.0
sreenithy,0.0
machiredd,0.0
tqxli,2.0
hughian,3.0
HideOnHouse,2.0
clw5180,300.0
philipjball,35.0
Riretta,5.0
Kodamayuto2001,44.0
railiavaliullina,1.0
BillSam,5.0
Kumarabhi666,0.0
brainsoft-ai,0.0
reddy92rosh,0.0
nieosf,0.0
edwardning,1.0
diabhiue,12.0
ji-in,21.0
bob831009,0.0
crcastillo,0.0
PPhub-hy,0.0
HopLee6,3.0
Major357,1.0
BenjaminAm,2.0
DocF,32.0
tnakae,2.0
clvrai,0.0
karoly-hars,3.0
vedantbonde,0.0
sheepover96,16.0
w00zie,30.0
vujadeyoon,36.0
smitheric95,0.0
luuuyi,182.0
StephenStorm,2.0
DashankaNadeeshanDeSilva,7.0
kunjan-mhaske,8.0
otzslayer,1.0
aykutfirat,6.0
Honsia,10.0
wzwtime,1.0
AiMizuno,0.0
hsur753,2.0
Sebastian514,6.0
samsungexpert,0.0
sagnik1511,84.0
salmedina,30.0
Ram81,0.0
youzunzhi,21.0
deephub-ai,0.0
LiliMeng,1.0
NanWuIT,0.0
jiaxiang-cheng,23.0
myay,4.0
Ninebell,10.0
shehuan,65.0
jama1017,54.0
swatisingh45,21.0
yl-1993,75.0
bugsuse,120.0
LJKS,0.0
HuipengXu,12.0
huiguoo,2.0
jettify,61.0
Dot8Pixels,1.0
adapa160,0.0
Machine-Learning-And-AI-Projects,0.0
sunlanchang,33.0
ninfueng,173.0
takeru1205,24.0
crafter-z,0.0
yangyuke001,4.0
wfraher,2.0
wangmengsd,3.0
yutayamazaki,46.0
david990917,101.0
wangxianrui,1.0
Nebula4869,0.0
xiaohuihuichao,8.0
Amitahu,0.0
dingjun6953,0.0
SatoKeiju,2.0
kokurisann,0.0
packyan,1.0
vinhkhuc,5.0
AgnesNM,24.0
finnickniu,4.0
zhoudaxia233,32.0
sadhana1058,5.0
eminem171333491,0.0
adipandas,14.0
kdh0429,9.0
KonroyZhu,1.0
hisham-kottayil,1.0
stephkno,4.0
tomron27,0.0
KuoHaoZeng,13.0
NoyMoreno,0.0
KhalilWong,7.0
s-chh,0.0
emptysoal,0.0
June01,67.0
AmitNativ1984,2.0
sevenzero70,4.0
AnnYoS,2.0
gittygupta,6.0
itmorn,2.0
salmanmaq,120.0
zheyejs,0.0
amitmeel,6.0
jjgarau,3.0
Zoesxw,7.0
shivasanketh-rm,0.0
lukazaplotnik,0.0
jaroslaw1007,31.0
Ovikx,8.0
Pokemon-Huang,0.0
shuaizzZ,0.0
DGenady,0.0
zhulf0804,127.0
rowantseng,0.0
JackHCC,57.0
HYU-GradProj,0.0
Grand251,0.0
interactivetech,323.0
SethurajS,0.0
yumening7,0.0
ik9702,2.0
201419,45.0
jhlee17139,1.0
saidalfaraby,0.0
abdxxw,5.0
ChenKaiXuSan,0.0
MoaazAbdulrahman,2.0
mashagua,11.0
MayankSingal,2.0
wangqs97,0.0
sovit-123,3.0
nxu96,22.0
Cai-Yichao,2.0
hamanhbui,0.0
zcemycl,73.0
ryanquinnnelson,7.0
jerryyyyy708,3.0
BJohnBraddock,2.0
Knight3-code,0.0
Xiaoqiqiyaya,0.0
foamliu,9.0
bartonlin,2.0
krumo,67.0
huzi96,26.0
GlassyWing,2.0
ChawDoe,0.0
codtiger,30.0
millermuttu,18.0
WeidongLi-KG,12.0
YaddaShang,0.0
Pablo-163,2.0
jrobertojunior,23.0
wtergan,16.0
gicsaw,1.0
junzhouye,18.0
Munggoose,4.0
kevinkbc,0.0
limberc,296.0
brian-you98,0.0
chnsh,24.0
hkhpub,63.0
DongKeon,40.0
cjearce,0.0
hyeonjames,16.0
Interesting6,33.0
ChiragJindal21,0.0
huohuayuzhong,6.0
mengzhu0308,0.0
whywww,11.0
Zchhh73,0.0
Keiku,27.0
steveowk,3.0
huangtao36,7.0
rohithkumar282,1.0
rushiv0609,0.0
zzsdsgdtc,1.0
wangzhengy,1.0
1079863482,0.0
fatemehadadi,2.0
SaiPrajwal95,0.0
Ivanaluo,
Immortals88,2.0
DebasmitaGhose,0.0
zihaog0724,3.0
ethandrzb,1.0
tachillon,0.0
aasharma90,0.0
alekseynp,7.0
CAM1113,2.0
ml-lab,0.0
SWHL,0.0
phranq0,6.0
waitwaitforget,74.0
itrusteyou,0.0
devonsuper,1.0
ccoltong1215,1.0
lucasroitman,
lz1159435992,6.0
Dave0x21,2.0
ModelBunker,0.0
goldenbili,1.0
JASON7033,3.0
Naagar,2.0
oskin1,76.0
enterpine,3.0
Anubis7th,0.0
danielzgsilva,0.0
ShawK91,2.0
georgeyiasemis,9.0
caganselim,34.0
rllelmz,0.0
Chifffa,5.0
MlWoo,37.0
geekyutao,71.0
clovaai,0.0
HuzaifaToor,0.0
rgibbonp89,1.0
rahuldshetty,88.0
ISwordLion,3.0
mollerhoj,18.0
VedantGhodke,0.0
smiler96,173.0
NULL-2019,0.0
Gaozhongpai,34.0
machine-perception-robotics-group,0.0
js05212,29.0
LewisHS,0.0
arvention,13.0
jkr26,3.0
jeongabae,2.0
JihaoLee,
ElliottYan,17.0
pengfe2017,0.0
thydeyx,0.0
eveningdong,5.0
dongwhfdyer,3.0
Reza-Pourrahim,6.0
andyguo666,133.0
bhushan23,52.0
pyaf,13.0
JerryJack121,6.0
Enoch-Zhang,2.0
txrc,21.0
Unicorn-acc,5.0
zmurez,0.0
faportillo,2.0
Conzel,5.0
SMKamrulHasan,1.0
sabirdvd,3.0
ArsenFromCrimea,0.0
nikheelpandey,27.0
laubonghaudoi,0.0
filipwinzelllth,
MohsenFayyaz89,27.0
muratonuryildirim,3.0
TLampr,0.0
pradeepsk-23,0.0
qq751220449,1.0
Afan227,0.0
abhilashabhilash3,0.0
mimbres,15.0
mcgoughlin,4.0
YZJ6GitHub,9.0
juun9714,9.0
borhanreo,12.0
Keillion,0.0
gormlai,151.0
kikizxd,4.0
ZdecydowanieNieGrzelczak,2.0
hagerrady13,7.0
GeniusAng,0.0
oshima-yoppi,0.0
ChenZhouUC,5.0
dbbbbm,4.0
Sbaig3229,11.0
jingjin25,0.0
FLyingLSJ,10.0
kevalmorabia97,101.0
NickyLam,4.0
JieChenSimon,3.0
FangShuheng,2.0
puririshi98,8.0
kenshohara,0.0
Mahsa13473,0.0
erika1203,0.0
Knight-Antonio,0.0
Pradip-Kathiriya,3.0
xolbynz,10.0
Eedvard,0.0
BoriaK,0.0
zhaoyuzhi,29.0
sihamdmostafa,15.0
RajanNV,1.0
WangYuzhen1996,70.0
Bovbene,0.0
terrorizer1980,700.0
MMorafah,6.0
randomMatrix77,0.0
yasin624,10.0
luninsun,0.0
jewfro-cuban,0.0
ytZhang99,21.0
hei4,1.0
zhtjtcz,47.0
sobikaa,1.0
Oops404,58.0
nslay,7.0
HAOLI-TUKL,9.0
qwqw1314,2.0
JamesWang007,9.0
Normalist-K,5.0
AndyPhoenix9879,
Sunda233,2.0
yueqiw,28.0
shaoeric,4.0
phohenecker,18.0
Jintao-Huang,8.0
alantanlc,84.0
cainspencerm,6.0
PoonKinWang,2.0
WBGZDTSL,2.0
pbehjatii,1.0
aertist,17.0
smj007,8.0
erikreppel,49.0
zhenming33,17.0
thegyro,0.0
lnhutnam,70.0
Luhaozhu,1.0
jvlk,0.0
Learner0x5a,66.0
ntlm1686,1.0
sgrvinod,0.0
ShaoXiang23,2.0
zwx8981,39.0
iShohei220,1.0
Xiangyu-CAS,21.0
MogicianXD,4.0
CeasonCui,11.0
hs366399,3.0
qinhaihong-red,1.0
Ri0S,0.0
jinalharia,0.0
wb014,12.0
nin-yu,14.0
LiuXinyu12378,1.0
elliottzheng,65.0
ricohasgithub,48.0
oscardpedrayes,3.0
xiong-ml,0.0
Lyken17,521.0
aqc112420,32.0
phoenix-meadowlark,0.0
gary109,122.0
yuxwhkbu,
Swag-tb,0.0
MauiDesign,18.0
pranjal2410,33.0
tpbarron,0.0
yoonsanghyu,8.0
shubhamjn1,69.0
ha2sd,0.0
imkuang,0.0
julian-8897,14.0
qiuchili,3.0
OctopusLi,1.0
chlee1983,2.0
reetc,0.0
SilentStars,6.0
RBirkeland,0.0
leichtrhino,1.0
richardvecsey,3.0
kobykotiv,6.0
yaox12,29.0
AdityaVashista30,2.0
muhmaz3,0.0
cccshuang,10.0
YangXuanyue,110.0
vivektyagiibm,0.0
mxl1990,2.0
danielkelshaw,25.0
LiYuan199701,1.0
jiajunhua,0.0
SpikeKing,8.0
KoryBurns,0.0
givenone,7.0
johnny-walker,0.0
abhishekyana,12.0
chenzyhust,1.0
AdarshK1,2.0
rileyblack,0.0
Arseni1919,4.0
koochak-mehdi,0.0
9bow,219.0
mingminzhen,11.0
PhilippKitz,0.0
lucabergamini,0.0
mightydeveloper,18.0
dsp6414,6.0
shellkore,64.0
safwankdb,34.0
SkyfengBiuBiu,0.0
siniphia,6.0
wnsgur1198,0.0
mmedlin1997,0.0
Jason0917,0.0
ycchen1989,24.0
swarnadeep8597,32.0
bnicholl,2.0
IdanAzuri,13.0
jiesutd,30.0
yaoceyi,1.0
tienluongngoc,0.0
stuartnankai,6.0
kalviny,13.0
atranitell,40.0
tstandley,0.0
ainrichman,9.0
LiYangSir,1.0
ChungYi347,7.0
NaturezzZ,90.0
rohitgajawada,93.0
amritasaha1812,1.0
Lluvia-Tang,0.0
joshuwaifo,5.0
acholston,0.0
Subhasom,0.0
undertherain,8.0
EgOrlukha,0.0
pratyush-1,10.0
shreyas0906,3.0
phanxuanphucnd,10.0
holmdk,3.0
jonnedtc,2.0
ShivaKondapalli,0.0
rimusa,13.0
XueJiang16,6.0
huiqu18,0.0
LYoung-Hub,2.0
ZiJianZhao,4.0
simotumoz,0.0
huwprosser,12.0
Eureka-JTX,
guilhermedrud,6.0
dnlcrl,205.0
krisuety,20.0
pyxploiter,8.0
yuxwind,18.0
izmailovpavel,42.0
jralha,9.0
dulayjm,3.0
JindongJiang,18.0
VIPL-Audio-Visual-Speech-Understanding,0.0
DateBro,115.0
jbakermans,0.0
jameschengpeng,9.0
aiff22,0.0
dezhili,63.0
DerekGloudemans,12.0
NSpil,1.0
FurkanYlmz97,8.0
vdecaro,10.0
yunbattle1994,3.0
aflah02,331.0
Movahe,2.0
De4r,1.0
VecihiAsim,0.0
Lc-1024,11.0
wangjl-nju-2020,0.0
oded282,0.0
dongheehand,21.0
loui0620,1.0
wenleix,4.0
siddhanthaldar,43.0
dixiyao,11.0
WageningenKing,0.0
ppva,4.0
589hero,8.0
johnhany,25.0
Natsu6767,56.0
suraj-maniyar,93.0
t107598066,0.0
yzfly,124.0
CreeperLin,27.0
Desa1egn,0.0
nikhilbudathoki,18.0
RonKbS,13.0
tensorinfinitysip,0.0
domisProgrammingMemes,0.0
wormhole2019,2.0
Tathagatd96,0.0
hieubkvn123,14.0
Abhipanda4,13.0
ligerfotis,27.0
Hsankesara,72.0
JammyL,5.0
Etc170322,1.0
mzhang367,5.0
SunnerLi,126.0
alexzhang19,0.0
odegeasslbc,2.0
adaamm,14.0
percent4,7.0
xz6014,20.0
kirant1008,0.0
young31,19.0
LennonLau,1.0
XieYuanfeng,0.0
jsesr,2.0
long123524,3.0
eugenelet,11.0
Pragjnesh,1.0
IzzyBrand,3.0
zinsmatt,2.0
experimenti,11.0
cross32768,5.0
chenz97,0.0
Awcrr,34.0
Vin-Xi,0.0
anexplore,8.0
yeeeqichen,34.0
dalgu90,22.0
MatthewCaseres,49.0
hrzlmx,
koenry,1.0
D0miH,10.0
DavideA,21.0
ChunjieShan,30.0
weiyangfb,1.0
RuurdBijlsma,4.0
Neeti-Jain,0.0
milindmalshe,3736.0
mzamjadi,5.0
Fuyi-Yang,0.0
Uchiha-Hieu,0.0
YuehChuan,306.0
haotian-liu,40.0
Huanghongru,56.0
xouan,0.0
rmehta1987,5.0
asdf93074,0.0
lienguang0624,5.0
yashbelhe,0.0
VishalBalaji321,2.0
PengBoXiangShang,69.0
keyu-tian,4.0
torchvideo,0.0
Chronocook,4.0
dmkaner,5.0
aaronespasa,27.0
wadmes,2.0
MaskedIsland,0.0
V-ea,18.0
LiaoWC,25.0
Haruka0522,27.0
vvagias,1.0
calebl37,2.0
sdecoder,0.0
tejash21,0.0
1587257781,1.0
dalinvip,119.0
ramjv,0.0
kose,0.0
tori22,24.0
Billijk,12.0
iskovskikh,0.0
Xiangyi1996,14.0
lmiz100,0.0
Bigpig4396,2.0
beni045,2.0
GerogeZhi,0.0
Codelegant92,20.0
pangkun248,0.0
xu3kev,293.0
andreabassi78,28.0
SWKoreaBME,6.0
cfinlay,14.0
RolandGao,6.0
thesuperorange,2.0
rohanath123,44.0
plok5308,0.0
ronithbinny,0.0
ilex-paraguariensis,0.0
SnowIsWhite,11.0
JasonGUTU,11.0
AdityaKarn,16.0
HopefulRational,0.0
huyvnphan,2.0
Elain-q,1.0
xiaokai11,0.0
tivandic,0.0
vohoaiviet,1.0
rahulrathnakumar,33.0
2000ZRL,2.0
Andr1u5,0.0
gilisho,14.0
SeanCho1996,2.0
Youngjae-Lee,0.0
Sayantan17,46.0
callmewenhao,45.0
yukkyo,8.0
Ravitha,7.0
voidbag,3.0
autohe,9.0
ErenBalatkan,20.0
FredaWerdiger,1.0
ajbrock,0.0
visbond,14.0
ajinkya98,0.0
pratikchhapolika,165.0
HadasBabayov,0.0
YiPrograms,6.0
preduct0r,0.0
yifuxiong,0.0
VissageMo,5.0
1zuu,
Smallflyfly,0.0
michaelfedell,21.0
SwayambhuNathRay,2.0
JunMoLee,0.0
semin-park,6.0
rshormazabal,4.0
yytang2012,8.0
chLFF,2.0
YuBeomGon,2.0
AyadAlmamary,11.0
qiaosiyi,19.0
pjdevs,11.0
LeoWood,17.0
Jiajun-Liu,2.0
abhinav-bhardwaj,4.0
rschwarz15,0.0
alex-lechner,15.0
Marvin-desmond,1.0
yerimoh,30.0
ml-illustrated,0.0
YeonwooSung,27.0
seanywang0408,32.0
kir3i,12.0
zhengfangwu,16.0
liaomingg,0.0
eqy,89.0
STK101,7.0
JasperGA,0.0
wakandan,17.0
hibagus,1.0
b53k,0.0
tonysy,99.0
quaziadib,10.0
shaynaor,2.0
grantsrb,6.0
ShreyDixit,4.0
thuyngch,160.0
XuLongjia,6.0
EliasPapachristos,2.0
conebot,0.0
yawen-d,58.0
goys94,0.0
SagarGuttal,7.0
Averyyy,15.0
CestLucas,0.0
DongSky,93.0
YOUSIKI,207.0
deoelvenmage,0.0
VHCC,20.0
vinesmsuic,419.0
humblemat810,0.0
yearing1017,20.0
elliotbeck,12.0
ElHouas,15.0
zhangzihaokev,2.0
as595,0.0
chuliuT,10.0
SeoLabASU,0.0
moaz-elesawey,6.0
aru31,54.0
amnsr17,0.0
kacostello,1.0
discdetsu,3.0
shahuzi,0.0
Sudhanshu1304,17.0
Huang-rookie,1.0
ArnaudFickinger,0.0
kogans1107,0.0
ShawnFrost23,0.0
ggxxding,4.0
Ren-Yaqian,1.0
skmhrk1209,3.0
chengjie11,4.0
BUAAChuanWang,4.0
mengzhangjian,18.0
tollymune,0.0
furkancoskun,7.0
DaehanKim,66.0
leognha,0.0
yjt2018,0.0
liuyundong-2020,74.0
codes1gn,15.0
dreamplus1989,0.0
inkplatform,1.0
SeHwanYoo,5.0
omrahul,0.0
SapanaChaudhary,3.0
delira-dev,0.0
batuhan3526,50.0
Schwolop,8.0
Syavaprd,0.0
pshlego,0.0
George0828Zhang,1.0
ANLGBOY,48.0
Xiaoctw,1.0
elzino,60.0
taowenyin,3.0
Spijkervet,1.0
Chung-I,35.0
BaekKyunShin,16.0
bottlecapper,0.0
yy1401,1.0
maxwellzh,2.0
zhanghang1989,157.0
MoMe36,1.0
mklimasz,4.0
cdschtz,13.0
iodriller,6.0
liuslnlp,2.0
Hyunmok-Park,0.0
lramach,0.0
HsiaX,2.0
ShanksVision,0.0
cs19b025iittp,0.0
DetectionBLWX,0.0
erikqu,18.0
Lkruitwagen,14.0
HyperGDX,0.0
rg321,5.0
tewei,1.0
lyp741,9.0
bsh0137,0.0
Lornatang,2.0
iamrishab,2.0
rm-rf-me,28.0
immortal-shuan,0.0
DARK-art108,4.0
pirunita,28.0
zukangy,4.0
cyk1337,92.0
Logan-Lin,6.0
lucky7323,76.0
dhruvvpatel,1.0
bellchenx,19.0
Ikomia-hub,0.0
weibifan,11.0
assafge,1.0
CODEJIN,0.0
abidikhairi,20.0
zhuodannychen,14.0
boringleric,0.0
yangyang-nus-lv,29.0
developer0hye,163.0
snowflakewang,19.0
Beitadoge,62.0
c1rew,59.0
pharrellyhy,0.0
fedetask,20.0
lgalke,93.0
leichenNUSJ,3.0
freezinghands,7.0
Kitware,0.0
SteinsGate9,0.0
vimarshc,7.0
chun8933,0.0
ralcant,3.0
as791,19.0
dkp1903,6.0
gclausen0272,1.0
Joejiong,197.0
singularity014,3.0
kurudj,8.0
woojoo99,
leimao,2.0
chaozhong2010,1.0
opatrickchen,0.0
eran505,0.0
v0lta,43.0
HollrayChan,2.0
chakam1307,
weizhou-geek,0.0
mohak1,13.0
Maggiking,
Shrey-Viradiya,33.0
arnab39,9.0
ROCmSoftwarePlatform,0.0
tiruota,1.0
RohauerRobotics,4.0
juni-lee,1.0
Momilijaz96,79.0
douhaoYaz,4.0
AleX77NP,50.0
MohitJuneja,7.0
aksenventwo,3.0
zhiyunl,9.0
AtmegaBuzz,98.0
ShaoQiBNU,1456.0
HiroForYou,66.0
zzzzzzzzzzzzz,6.0
yaoyi30,1.0
nikhilbarhate99,4.0
BarCodeReader,1.0
TerYang,4.0
ugin331,7.0
CarterMcClellan,4.0
tristandb,12.0
r4ghu,7.0
rensutheart,0.0
nghiahhnguyen,51.0
renatoviolin,2.0
peterzhang2029,9.0
daveboat,0.0
beomgonyu,0.0
quking,0.0
wangwang1125,0.0
julianstastny,4.0
sjwright90,14.0
Alexiland,4.0
linjx-ustc1106,0.0
sicong-huang,1.0
cc97nitu,0.0
CurtesMalteser,11.0
claydeman,1.0
biyoml,11.0
nudibranc,0.0
qq249356520,0.0
mingshaofeng,1.0
SomaNonaka,2.0
tscianmarello,0.0
MINGG2333,16.0
nriteshranjan,7.0
AJingshou,4.0
digital-nomad-cheng,57.0
poppyleo,2.0
jiangszzzzz,5.0
Michael-OvO,28.0
nikunjlad,31.0
pranavajitnair,1.0
devbruce,4.0
trisha025,15.0
alxfed,118.0
andrewsunst,0.0
HanshuYAN,23.0
kawori,2.0
EnrcDamn,8.0
winston-lin-wei-cheng,0.0
aayushs879,1.0
SonOfGod777,0.0
Chaiyanchong,0.0
shruti2126,5.0
imdsafi09,37.0
NIRVANALAN,308.0
guo-pu,1.0
wang678,0.0
yururyuru00,11.0
rehohoho,5.0
long95288,1.0
limingcv,2.0
assafshocher,0.0
meder411,0.0
Ninoko,0.0
yingmuying,196.0
clearlyCoding,0.0
J094,8.0
shinoyuki222,6.0
romainVala,1.0
reshow,1.0
bigdatasciencegroup,0.0
TahsinPavel,0.0
dribnet,101.0
echurch,0.0
gongyongkang,0.0
apsarath,0.0
mswzeus,0.0
shumaym,0.0
vltmedia,3.0
tamtzehei,6.0
ycjing,104.0
Yogurt2019,0.0
sebaF96,39.0
MMSS9402,5.0
Flo11,4.0
elcolie,74.0
wolverine28,3.0
Jen-Jon,
wenzhilong,0.0
lpj0,4.0
VincLee8188,8.0
CamiWilliams,27.0
SSARCandy,56.0
ashuuuriii,0.0
zhangyi-3,2.0
data-race,6.0
zsef123,8.0
songyouwei,25.0
HuguesTHOMAS,0.0
Andrey885,0.0
Marwanmhks,3.0
adityarp9,9.0
Lan-ce-lot,67.0
iffsid,19.0
Rubiksman78,19.0
ZhangMingxin1997,
zhaort,0.0
taoyang1122,7.0
Ed-gong,1.0
DragonChen-TW,0.0
nradair,0.0
SyedaSakinaZaidi97,0.0
KarhouTam,11.0
AEMARV,0.0
LiuLinyun,13.0
yingqing0317,10.0
siyaroner,21.0
BizhuWu,7.0
gpauloski,8.0
Yuuraa,64.0
bamasa,0.0
Natsagdorj-Choijilsuren,4.0
cjwcommuny,61.0
agrechnev,1.0
lldustc,0.0
abhayraw1,10.0
miraclewkf,2.0
neetmehta,1.0
bo-10000,0.0
onlytailei,86.0
ben-mackenzie,0.0
HoldemGK,16.0
GuilhemROLLAND,3.0
charliehpearce,7.0
syys96,3.0
coldhenry,1.0
KNChiu,2.0
AishuaiYao,2.0
shimon-c,0.0
ORANKWON,0.0
supernotman,1.0
GeoZcx,18.0
Karthik-Ragunath,2.0
Ninzore,16.0
Chaanks,8.0
ChenEating716,15.0
cspartalis,4.0
pei-hsin-chiu,0.0
AICommons,0.0
BodyCSoulN,5.0
yshiyi,1.0
AhmetFurkanDEMIR,65.0
DesperateMaker,3.0
hankniu01,4.0
White1973,11.0
stevewongv,47.0
pr1266,52.0
zheng-yuwei,10.0
mcculloh213,13.0
juderoque,1.0
kumarvis,0.0
MouxiaoHuang,17.0
concordiaca,0.0
yuquanle,32.0
yusonghust,
sung0471,6.0
7689000,2.0
satyakrishnagorti,5.0
jordan-g,4.0
JimLee1996,36.0
randalong,0.0
collector-m,0.0
xueleichen,42.0
And1210,4.0
pb2377,0.0
daomengkiller,1.0
y3sar,63.0
mf1024,3.0
Manoj-Kannan,1.0
jhhuang96,30.0
yashpansari,4.0
PeterKillerio,
danielliucs,21.0
Advaiit,0.0
Strideradu,38.0
2KangHo,15.0
espectre,9.0
lyl7650,1.0
MKowal2,1.0
MIVRC,0.0
yyashkir,1.0
JoonyoungYi,40.0
captain-pool,10.0
logarithm27,5.0
igeng,100.0
hsuchengmath,7.0
qilei123,0.0
braveapple,2.0
JohnNehls,11.0
harimaruthachalam,6.0
ArgoHA,1.0
adaliuBC,2.0
KaranjotSV,2.0
Mystiking,4.0
bliunlpr,2.0
xhzhao,4.0
Nihal987,0.0
Jiangshan00001,85.0
Prince9403,0.0
DanielCoelho112,50.0
Premkumar7090,0.0
IMAC-projects,0.0
mrGreat1110,1.0
os-hxfan,0.0
tangruofeng,0.0
ducminhkhoi,5.0
IFADA,0.0
tabVersion,157.0
shreyas-kowshik,81.0
bnusss,0.0
manhlamabc123,14.0
aitorzip,19.0
QAQgc,3.0
shivanisrivarshini,0.0
nickiteks,10.0
RuiZhang-ICT,0.0
mabirck,112.0
hiyouga,84.0
chuanli11,6.0
edwardwterry,0.0
LucasVandroux,32.0
bigmb,5.0
Windxy,34.0
changyu98,1.0
goodhamgupta,592.0
ian-jihoonpark,3.0
scottjiao,10.0
kumar-shridhar,301.0
Allen2401,0.0
cmFighting,14.0
etienne87,9.0
comeeasy,14.0
DawnHH,7.0
ki-ljl,6.0
GeneralLi95,64.0
SukerZ,0.0
ouening,3.0
jain-avi,0.0
ConnorJL,0.0
nmnsharma007,8.0
swt-user,0.0
gigantenbein,7.0
meiirbek-islamov,6.0
chinnadhurai,3.0
Spiffical,4.0
rythei,0.0
karascr,38.0
goldhuang,0.0
nmd-2000,
yqy,3.0
arleigh418,1.0
jxgu1016,93.0
pcmin03,0.0
bekir23,0.0
prateekm08,20.0
suyashjoshi,0.0
XingruiWang,19.0
lighTQ,26.0
chenyuntc,9.0
ferisetiawan,0.0
RenaLu,0.0
obijzbo,8.0
Di-Weng,4.0
tien02,12.0
wwz58,1.0
FarukFS,0.0
crane719,0.0
MightyRaccoon,0.0
RimDan,5.0
mindingyao,2.0
8yrce,0.0
keep-steady,1.0
fan-linhao,0.0
marcoseraphin,0.0
GenoZhang624,0.0
alejands,2.0
Keezuu,3.0
Thepnathi,33.0
chriszhangwj,0.0
qianyuqianxun-DeepLearning,3.0
mattresnick,0.0
jtlai0921,30.0
security-softwares,
AtalsKim,5.0
SummerHuiZhang,34.0
joeljosephjin,27.0
keapoa,4.0
st186,33.0
martinobdl,3.0
gireeshkbogu,18.0
nebula-beta,4.0
mesmerx,4.0
mario-rot,
ndb796,13.0
ColinKohler,0.0
DeepLatte,8.0
Shimwonhyung,0.0
yoshua133,2.0
TodoListIOS,0.0
Kongsea,15.0
happyConan,0.0
WHDY,1.0
branislav1991,2.0
wilkice,21.0
soumickmj,23.0
williamSYSU,8.0
MaximeAeva,12.0
JunsukLee,1.0
Ruitao-chen,1.0
IanSullivan,2.0
Gvence,4.0
hrxorxm,66.0
hwangtamu,29.0
zhouruikun,5.0
nazarblch,1.0
TheArheus,0.0
tomguluson92,109.0
dongzhuoyao,418.0
glennglennglenn,0.0
KanghoonYoon,27.0
QQQQ00243,0.0
HiiYL,10.0
InformationRetrieval-Hongik,0.0
grassknoted,17.0
DeepInEvil,10.0
kaixu-zen,
y0ast,29.0
sharathmaidargi,0.0
dl19940602,20.0
quantbruce,30.0
kaiyaointel,
sckim0430,2.0
m0sys,39.0
daisyjack,1.0
MIV-Group,0.0
gathierry,4.0
BannyStone,26.0
marlondantas,19.0
WildCatFish,3.0
Grzetan,13.0
stabgan,65.0
mmkekic,3.0
shufanwu,6.0
ljwa2323,0.0
Shivali121327,14.0
CharlesNord,8.0
Rozi1,0.0
Jaela-C,0.0
lembolov9,0.0
mlexample,0.0
socar-serena,0.0
abzb1,4.0
Desein-Yang,28.0
haochen23,3.0
junqingchang,21.0
ZhiwenShao,1.0
anujdutt9,47.0
bin-go2011,29.0
Time1ess,3.0
diggerdu,738.0
AMITKESARI2000,19.0
LuisEstebanAcevedoBringas,6.0
mrtunguyen,1.0
GNN2QSU,0.0
ruihangdu,31.0
MVIG-SJTU,0.0
cocoakang,39.0
gazeai,0.0
yeyanan93,23.0
sofiacatalan,6.0
des5ve,0.0
matthewfeickert,329.0
ConorLazarou,
ammar885,0.0
Bil369,2.0
PSCLab-ASU,0.0
Mayukhdeb,27.0
zjcs,1.0
matsengrp,0.0
takmin,7.0
VegetablesMaster,1.0
ceisenach,0.0
ZhichaoOuyang,8.0
KnurpsBram,0.0
NehaJSarnaik,0.0
R-Fehler,17.0
lantgabor,2.0
AlanJacob97,0.0
zsypotter,0.0
boluochuile,1.0
myungsanglee,7.0
HenrySchwerdt,2.0
abhijeetg12,38.0
lhsheild,9.0
NoOneUST,3.0
rohitvk1,
sarvesh211999,2.0
mk-michal,2.0
nakashima-kodai,1.0
wilile26811249,5.0
rplzzz,42.0
maingoc1605,2.0
Finterly,1.0
CheQiXiao,1.0
futureisatyourhand,0.0
liteworldz,0.0
ishine,92.0
undefinedXD,3.0
evgen32cd32,3.0
lbz2020,6.0
hghimanshu,1.0
ooooooooe,13.0
dourgey,42.0
satya77,8.0
iArunava,0.0
ghnreigns,16.0
congffu,17.0
mathamp,1.0
tqlong,1.0
InvictusY,7.0
samx97,7.0
m12sl,5.0
hliangzhao,3.0
AiueoABC,2.0
tuladhay,5.0
Jw-Jn,9.0
JJASMINE22,1.0
JoursBleu,7.0
mpalaourg,35.0
anuj27596,4.0
mnmjh1215,15.0
ZhenyueQin,
plweegie,7.0
KostasTok,0.0
gagansingh894,4.0
AnantVijaySingh,1.0
ymitiku,1.0
PhotoWolf,0.0
Rahul250192,0.0
nishant1995,5.0
qarchli,1.0
Donghwa-KIM,15.0
setyongr,9.0
Michael5467,0.0
karlosdb,1.0
mtliba,24.0
ACVAE,0.0
Dawnstar8411,6.0
zhiyou720,4.0
chriselrod,29.0
milleniums,19.0
noahzn,3.0
RayTeen,0.0
Linardos,6.0
thaoshibe,3.0
VikHerr,0.0
nicknochnack,5.0
leonoravesterbacka,8.0
csjiangwm,1.0
djycn,0.0
vy007vikas,30.0
Yuagilvy,0.0
LoredCast,0.0
chengsen,3.0
ImKeTT,66.0
suolyer,0.0
Hauf3n,6.0
bbidong,0.0
songrise,18.0
psu-epl,0.0
summary-GodBlessYou,0.0
Riadh-B,0.0
wutianyiRosun,231.0
jusque-a-la-fin,0.0
kevincao91,0.0
Avi197,5.0
dyhan0920,4.0
langmanbusi,2.0
stanlee321,35.0
yipersevere,
Thorimus,0.0
BaoWentz,1.0
jxm6165,0.0
yoonhero,34.0
ranjitation,7.0
traveller59,1.0
andrew-bydlon,0.0
mtiezzi,1.0
sssharaf,0.0
Shenyve0101,1.0
JuheonYi,6.0
xChiri,2.0
torch-points3d,0.0
JinFree,0.0
polyuxdq,2.0
DoganK01,40.0
EthanJYK,2.0
Chen-Junbao,1.0
nurpeiis,8.0
zym1119,3.0
antonyvigouret,6.0
Dzautriet,2.0
dlgyy,0.0
jielongzhong,
moqi112358,15.0
uitae-kim,1.0
Hui-Li,2.0
samggggflynn,3.0
chagmgang,0.0
linksense,0.0
Julia-Run,
xddun,11.0
ty625911724,22.0
AmanPriyanshu,61.0
EnzeXu,5.0
chengkangck,0.0
ddiddi,13.0
GermanPaul12,15.0
nikcheerla,6.0
pengyuchen,8.0
shengteng19,0.0
Blue-Giant,0.0
akihironitta,263.0
abdulghaffaransari,0.0
spkywood,10.0
ParsonsZeng,3.0
xiuyuan0216,3.0
myxuci,0.0
mruberry,0.0
YWHyuk,12.0
vdivakar,53.0
ahstarwab,2.0
SeanLee97,130.0
SijmNoteboom,0.0
LY-Road,0.0
tomelf,10.0
TTdeveloping,13.0
AnuExMachina,0.0
wzg16,0.0
shizhediao,118.0
omerunlusoy,2.0
MaximumEntropy,12.0
schelotto,0.0
PrimadonnaGit,26.0
rayankrish,2.0
romulus0914,18.0
tedhuang96,8.0
rasbt,39.0
lukemelas,2.0
Gavin0203,1.0
fengye-lu,0.0
Sarthak-22,13.0
FCYtheFreeman,9.0
zllrunning,11.0
BenMueller1,2.0
SiavashCS,3.0
heojae,19.0
bhuminiecki,2.0
Aismarter,1.0
antihutka,1.0
hdvvip,19.0
wuxiaolianggit,618.0
n0obcoder,3.0
taniyarajani,0.0
hunkim,23.0
doduythao,1.0
MNaplesDevelopment,0.0
tfmoraes,2.0
aeadod,11.0
sechetbot,0.0
TheRealBaka,16.0
zhoujx4,1.0
austindelatorre,5.0
vivanov879,0.0
NateThom,14.0
leeesangwon,26.0
naiveHobo,38.0
xinshuoweng,3.0
arnoweng,9.0
tabularasa066a,8.0
AnjieCheng,74.0
pdefusco,69.0
Mark-Sang,0.0
cwangjiang,10.0
AlanGacihi,4.0
lorrywu,1.0
PouringRain,45.0
ssss1029,1.0
martinwhl,2.0
arielkuong,3.0
zhangjh915,1.0
jefflai108,192.0
ahmedfadhil,62.0
SJ-Chuang,1.0
masonmsh,0.0
TobiasDing,0.0
rczhen,1.0
gplast,5.0
hayashimasa,4.0
ShomyLiu,7.0
codinglover-Noman,1.0
rachelpeichen,1.0
laredein,0.0
mrkieumy,0.0
aloomya,8.0
ehsanik,9.0
MagaliDrumare,5.0
cthurston-clgx,3.0
VisionSystemsInc,0.0
Nial4,5.0
Cynthia-shi,0.0
mmk-ai,
Wayho,1.0
SunYW0108,0.0
tuananh1007,25.0
xiaywang,9.0
ppx-hub,8.0
ChenWentai,11.0
AIFanatic,0.0
yourFriendlyNeighbour,0.0
neuece,0.0
YooJiHyeong,0.0
ydon1111,10.0
fzp0412,0.0
Jane-123,0.0
14472506,0.0
km-uchino,0.0
frechele,34.0
jaegpark,109.0
The-RunningSnail,9.0
skyf0cker,104.0
kenkimatsumoto,0.0
goksinan,1.0
sneha0401,0.0
lixiangbao,2.0
shambhavimalik,6.0
hefan1,22.0
mikekutzma,2.0
ashishjv1,15.0
zhsaile,4.0
xk-huang,424.0
erilyth,50.0
leoriohope,1.0
victorist,3.0
ryujaehun,20.0
suilin0432,23.0
Yaoyuanzhou,39.0
kiddliao,6.0
Bugdragon,74.0
Sunbaoli,0.0
AryanSarswat,0.0
tobyshooters,0.0
HarryVolek,1.0
Technologia-X,0.0
jungwon1413,7.0
yjh0410,3.0
ptklx,0.0
Doragd,423.0
flarelink,6.0
xiaohao-lin1,3.0
ferpar,17.0
prismspecs,13.0
Ugenteraan,27.0
ixn872,6.0
shanemankiw,33.0
MacJim,42.0
yuniktmr,1.0
amirmallak,0.0
bollakarthikeya,8.0
Animesh-Chourey,0.0
pahung1999,0.0
wizard1203,70.0
z-bingo,16.0
mohdumar644,2.0
sumanth0892,6.0
good5dog5,11.0
mangyun,0.0
SSusantAchary,14.0
hortune,57.0
NeedC,3.0
bearbearyu1223,11.0
vence-andersen,0.0
wjdghks950,24.0
paulosestini,16.0
vyraun,1764.0
whzhangg,1.0
tszdanger,2.0
xinzcode,6.0
emojilearning,14.0
MarkhamLee,5.0
tangshengeng,11.0
ldeecke,1.0
ap229997,265.0
jingxu10,0.0
ZrcLeibniz,0.0
github-pengge,5.0
curtdissel,0.0
Kiwoo,0.0
vidyadhariGithub,0.0
kenandaoerdect,5.0
Hung-Ta-Chen,1.0
souravsingh,359.0
clcarwin,13.0
eric-le-12,1.0
yanjingke,0.0
1219521375,70.0
hurxx018,0.0
3rd-Musketeer,1.0
Xylambda,16.0
duc-ke,3.0
GuHongyang,17.0
OniroAI,0.0
StonecutterX,15.0
minar09,8.0
yuezuegu,1.0
sowd,4.0
Wredter,1.0
YangfeiLiu,0.0
krishnan-meep,18.0
davidtvs,3.0
PacktPublishing,0.0
curaai,86.0
DXNNX,0.0
TalentBoy2333,3.0
JimpeiYamamoto,6.0
wk910930,199.0
iliathesmirnov,1.0
CS4445-JasonDykstra,0.0
shubham1810,26.0
wcl20,1.0
hihiendru,3.0
HengyiWang,28.0
IVPLatNU,0.0
rahul-jha98,5.0
heathcliff233,11.0
sg-nm,0.0
makifozkanoglu,13.0
kan25d5,8.0
Wayne122,0.0
YueWenjun,7.0
HuangLongji,2.0
ramsRahim,11.0
jweir136,14.0
VictoriousRaptor,1.0
dollarkillerx,63.0
RizhaoCai,16.0
rolambert,45.0
naveen-hyperworks,0.0
Teun-Schuur,3.0
aishangcengloua,1.0
martinetoering,12.0
HsLOL,18.0
GilbertoCunha,14.0
henrypowell87,2.0
masora1030,20.0
threewisemonkeys-as,23.0
tanreinama,2.0
sfc-computational-creativity-lab,0.0
tomershay100,1.0
carlosdcastillo,4.0
cypw,36.0
mansikataria,6.0
15101538237ren,6.0
SDU-MagicMirror,0.0
aditya12agd5,1.0
ayooshkathuria,0.0
SaralaSewwandi,1.0
jaehyunnn,7.0
mgharbi,11.0
benlin131020,2.0
YimingZzz,0.0
saehan-choi,11.0
soeque1,13.0
jillnano,3.0
Samuel-Bachorik,5.0
TheInfamousWayne,0.0
Silent-voice,1.0
yhung119,43.0
frozenparadox99,40.0
patugosavi,3.0
BlackyYen,
apacha,4.0
saeedahmadian,0.0
huiw39,0.0
JoKerDii,263.0
tochilkinva,2.0
SaliencyDetection,0.0
kxgong,4.0
galidor,2.0
jianzhangcs,5.0
hphp777,0.0
LongLong-Jing,3.0
zoe0919,0.0
G-U-N,38.0
grimoire,38.0
juntang-zhuang,26.0
allanj,27.0
satolab12,8.0
jweig0ld,12.0
ijinjay,8.0
koptelovmax,0.0
nicoyang-21,1.0
skrish13,3.0
KevinChen1994,9.0
Lorenzoncina,8.0
hiepbkhn,2.0
wendywlh,0.0
ali2009a,0.0
Joseph-Winkle,9.0
zimengq,35.0
M-Daniyal-123,18.0
w452144816,15.0
AmartyaCSB,8.0
MMU-VisionLab,0.0
Derpimort,6.0
pprp,435.0
bioinf-mcb,0.0
t-vi,0.0
minhna1112,52.0
binhnd102,0.0
ZiqiChai,15.0
SindiLab,0.0
ArtyZe,0.0
Gezahiegn,0.0
zonghaofan,16.0
liulai,4.0
jang1suh,1.0
deepnetni,0.0
tigerneil,1209.0
stoneyang159,45.0
rayan-yu,4.0
diaomin,1.0
Gerryflap,21.0
dat3814606,0.0
maggeek,11.0
fanq15,17.0
SAGNIKMJR,37.0
chrockey,111.0
elvisyjlin,170.0
jiayi9,18.0
baroibeo,0.0
KellerJordan,29.0
SpeedOfSpin,5.0
Mjkim88,11.0
zbxzc35,62.0
Hoshi-masahito,0.0
yinizhizhu,19.0
zxy317,1.0
EderSantana,2.0
hanzlfs,12.0
MaxandYuki,0.0
dayekuaipao,2.0
mickymicmouse,8.0
lihsintseng,0.0
jcheunglin,0.0
a7031x,1.0
UCI-ML-course-team,0.0
Xingxiangrui,9.0
otenim,1.0
ahnan4arch,168.0
Wengnianbiao,1.0
