username,userPRs
JerryJack121,3
emojilearning,0
zheng-yuwei,0
chengkangck,0
Dave0x21,0
aru31,30
dixiyao,35
AmitNativ1984,1
yifuxiong,0
Tathagatd96,0
Lan-ce-lot,39
dongheehand,3
DawnHH,0
mrGreat1110,0
psu-epl,0
SWKoreaBME,1
StonecutterX,0
yasin624,0
ZengyuanYu,3
pbehjatii,0
Sbaig3229,0
pratyush-1,0
jiangszzzzz,0
Flo11,0
uitae-kim,1
rohitgajawada,1
nicknochnack,0
brainsoft-ai,0
Hauf3n,0
adaamm,1
mollerhoj,33
zhangyi-3,0
glennglennglenn,0
xiaywang,1
immortal-shuan,0
KellerJordan,9
Afan227,0
akihironitta,436
TerYang,0
ml-lab,0
mcgoughlin,1
Unicorn-acc,0
GeoZcx,0
shubham1810,21
discdetsu,0
jingxu10,64
ycchen1989,1
KarimElshetihy,0
ShawK91,5
shufanwu,11
rimusa,1
shivanisrivarshini,0
zhenshen-mla,0
geekyutao,1
shaynaor,0
KuoHaoZeng,14
sharathmaidargi,0
vujadeyoon,0
bigmb,0
FLyingLSJ,1
Kevin-JisuKim,0
ashuuuriii,0
concordiaca,0
chinnadhurai,78
jianzhangcs,1
Sudhanshu1304,5
ashishjv1,0
kalviny,0
Huang-rookie,0
KanghoonYoon,10
yangyuke001,1
Jw-Jn,0
yearing1017,4
Codelegant92,0
ZiqiChai,2
CuriousCat-7,5
TodoListIOS,0
lienguang0624,0
WildCatFish,9
jrobertojunior,1
wenzhilong,0
ahmedfadhil,17
grassknoted,18
victorist,0
dbbbbm,0
PouringRain,0
PoonKinWang,0
rmehta1987,0
pratikchhapolika,0
hsur753,66
inkplatform,0
yeeeqichen,3
Yukiyousa,0
cs19b025iittp,0
qinhaihong-red,0
weizhou-geek,0
milindmalshe,0
ji-in,42
MoMe36,1
hisham-kottayil,0
satolab12,0
Machine-Learning-And-AI-Projects,0
ranjitation,0
lgalke,64
SJ-Chuang,0
RenaLu,3
Ruitao-chen,1
ghnreigns,5
tobyshooters,2
GeneralLi95,7
yeyanan93,0
VincLee8188,0
MatthewCaseres,85
XueJiang16,0
julian-8897,1
MaxandYuki,0
vy007vikas,4
erickingxu,0
nudibranc,0
chengjie11,0
koenry,3
JinFree,12
cwangjiang,0
ColinKohler,15
ralcant,2
FurkanYlmz97,0
pangkun248,2
AMITKESARI2000,32
Yogurt2019,1
kevinkbc,1
digital-nomad-cheng,3
CamiWilliams,21
jsesr,0
AdarshK1,4
johnhany,6
shambhavimalik,0
y0ast,58
eric-le-12,0
sihamdmostafa,0
leichtrhino,4
vdivakar,5
tpbarron,0
suilin0432,1
Joyce94,2
fengye-lu,0
CestLucas,0
ayooshkathuria,10
ashawkey,10
aertist,0
songyouwei,132
chuliuT,3
zhtjtcz,2
dyhan0920,1
uchida-takumi,2
odegeasslbc,1
km-uchino,0
aiff22,1
wk910930,70
diaomin,0
dalinvip,5
ajinkya98,0
ssss1029,3
HuguesTHOMAS,0
RuurdBijlsma,2
sebaF96,23
BizhuWu,12
jaehyunnn,0
satya77,0
abhilashabhilash3,0
yaoceyi,0
AEMARV,0
leeesangwon,4
yueqiw,6
Xylambda,1
threewisemonkeys-as,29
alexzhang19,0
mingshaofeng,0
qq751220449,0
ycjing,6
machine-perception-robotics-group,0
branislav1991,0
JoKerDii,1
AnjieCheng,5
cross32768,60
Amitahu,0
wangxianrui,0
moqi112358,0
keapoa,0
XuLongjia,0
STK101,5
satyakrishnagorti,7
otenim,1
Chronocook,9
xolbynz,0
leognha,0
VIPL-Audio-Visual-Speech-Understanding,0
mikekutzma,8
karoly-hars,0
NateThom,1
AtalsKim,0
vence-andersen,0
izmailovpavel,17
GilbertoCunha,0
snowflakewang,0
songrise,6
phohenecker,0
gautam-sharma1,2
gormlai,0
Desein-Yang,6
ahnan4arch,0
Shimwonhyung,0
suyashjoshi,0
jingjin25,0
FangShuheng,0
yshiyi,1
reetc,0
goodhamgupta,25
nicoyang-21,0
BaekKyunShin,0
LucasVandroux,8
lnhutnam,16
iShohei220,5
ty625911724,0
data-race,1
shivasanketh-rm,0
mits58,0
Wengnianbiao,0
Rubiksman78,1
developer0hye,240
laubonghaudoi,43
dl19940602,0
lantgabor,1
givenone,7
tamtzehei,3
Major357,0
tiruota,0
y3sar,5
liuyundong-2020,0
justusschock,207
hibagus,1
biditdas18,1
des5ve,0
nazarblch,2
Dzautriet,0
agrechnev,0
iArunava,17
yipersevere,0
ZhiwenShao,0
hliangzhao,3
DeepInEvil,0
SyedaSakinaZaidi97,0
tangshengeng,1
mickymicmouse,0
raheelqader,0
ethandrzb,4
AryanSarswat,45
Alexiland,8
baroibeo,0
ZhenyueQin,0
langmanbusi,0
dongzhuoyao,22
socar-serena,1
binhnd102,0
GeniusAng,0
goldhuang,0
cocoakang,0
hphp777,0
fzp0412,0
mruberry,380
jiajunhua,0
whzhangg,1
SpikeKing,6
thaoshibe,1
Mjkim88,1
Gerryflap,49
hyeonjames,23
naiveHobo,70
KongBe1999,0
Xiaoqiqiyaya,0
7689000,0
UCI-ML-course-team,0
Grzetan,3
swarnadeep8597,0
mgharbi,10
faportillo,0
summary-GodBlessYou,0
IzzyBrand,0
cyk1337,9
nikcheerla,5
SeHwanYoo,0
kooyunmo,30
Cynthia-shi,0
EliasPapachristos,0
lukemelas,5
SpeedOfSpin,0
mzhang367,0
vnj64,2
pyaf,34
skyf0cker,12
SeanCho1996,6
hs366399,0
jinalharia,1
bearbearyu1223,0
nurpeiis,4
loui0620,0
Ninzore,13
zoe0919,0
trisha025,0
LongLong-Jing,0
freezinghands,21
renatoviolin,0
ArnaudFickinger,0
aloomya,1
nriteshranjan,2
YeonwooSung,41
dreamplus1989,0
bo-10000,4
dalgu90,1
zinsmatt,6
jiayongzhang,1
jweir136,0
ConnorJL,3
Ed-gong,0
JindongJiang,0
ramsRahim,2
ElliottYan,0
kir3i,29
ljwa2323,0
codinglover-Noman,0
Spijkervet,13
adipandas,2
romainVala,7
SunYW0108,0
huiw39,0
EgOrlukha,1
ryanquinnnelson,53
masora1030,1
DXNNX,0
nishant1995,0
swt-user,5
m0sys,1
KnurpsBram,1
LewisHS,0
jxgu1016,10
Keiku,13
Ivanaluo,0
tomershay100,1
Learner0x5a,6
itrusteyou,0
aykutfirat,5
leichenNUSJ,0
VishalBalaji321,0
aasharma90,1
DARK-art108,44
jjgarau,0
PSCLab-ASU,0
yytang2012,0
zhiyou720,1
nickiteks,1
ndb796,2
EnzeXu,0
rgibbonp89,5
Huanghongru,2
PacktPublishing,0
xelahalo,12
Ovikx,15
Geonhee-LEE,17
IFADA,0
mf1024,0
bartonlin,0
TheRealBaka,0
HuangLongji,0
xz6014,0
MoaazAbdulrahman,0
Ninoko,9
dhruvvpatel,0
manhlamabc123,21
hghimanshu,7
polyuxdq,0
Technologia-X,0
mk-michal,0
clvrai,0
ZhichaoOuyang,0
siyaroner,0
KIMI-debug-maker,1
henrypowell87,0
simotumoz,0
mightydeveloper,10
ShaoQiBNU,0
tuladhay,0
ronithbinny,0
sarvesh211999,27
lramach,0
noahzn,0
abhinav-bhardwaj,3
pshlego,15
Zchhh73,0
vidursatija,10
hughian,4
erilyth,104
NoOneUST,0
sneha0401,0
apacha,42
Optimus1072,0
liteworldz,0
Allen2401,8
zhengfangwu,0
CeasonCui,0
Cai-Yichao,2
trieutranq,0
The-RunningSnail,0
muhmaz3,0
antihutka,5
evgen32cd32,0
Etc170322,0
RonKbS,316
kenkimatsumoto,0
cainspencerm,0
Hoshi-masahito,0
kumar-shridhar,10
laredein,7
mingman514,0
smj007,5
weibifan,0
goldenbili,0
os-hxfan,2
limingcv,0
589hero,96
limberc,40
guo-pu,0
otzslayer,0
rohithkumar282,0
Lornatang,10
KaranjotSV,0
alekseynp,18
chnsh,1
JuheonYi,0
borhanreo,0
vidyadhariGithub,0
ANLGBOY,0
LJKS,0
Munggoose,1
CarterMcClellan,11
LeifYaoYuXiang,7
qianyuqianxun-DeepLearning,0
Enoch-Zhang,0
krisuety,0
codes1gn,0
Zoesxw,0
VHCC,1
kokurisann,0
yaoyi30,0
jcheunglin,0
HiroForYou,1
maheshambule,56
wang678,0
EderSantana,79
amitmeel,0
G-U-N,5
RayTeen,0
zhaort,0
ChenWentai,0
ISwordLion,2
sadhana1058,5
pd90506,0
V-ea,0
JammyL,18
yinizhizhu,1
richardvecsey,2
goksinan,0
tedhuang96,0
percent4,0
abhishekyana,2
yourFriendlyNeighbour,0
TTdeveloping,0
KhalilWong,0
clovaai,0
jettify,421
holdfire,0
dailai,2
doduythao,0
adapa160,0
HadasBabayov,0
iskovskikh,0
Thepnathi,9
OctopusLi,0
WeidongLi-KG,0
ap229997,4
grantsrb,0
xiaokai11,0
JackHCC,5
DateBro,48
asdf93074,2
ModelBunker,0
HideOnHouse,4
ORANKWON,0
pei-hsin-chiu,0
jkr26,3
liaomingg,0
rllelmz,0
jang1suh,29
joeljosephjin,9
Pokemon-Huang,0
ChunjieShan,0
HollrayChan,0
BoriaK,0
pharrellyhy,0
sicong-huang,5
FCYtheFreeman,0
zsypotter,0
chrockey,13
HYU-GradProj,0
HopefulRational,0
kenshohara,42
patugosavi,0
KostasTok,1
mcculloh213,1
Knight-Antonio,0
HyperGDX,0
gpauloski,367
Pragjnesh,0
sabirdvd,4
sdecoder,0
mzamjadi,0
ParsonsZeng,0
Windxy,0
YZJ6GitHub,0
QQQQ00243,0
opatrickchen,1
UditSinghParihar,2
AdityaVashista30,3
SagarGuttal,0
ChenKaiXuSan,0
AuCson,3
jain-avi,0
Averyyy,0
splionar,0
martinobdl,0
pjdevs,3
daomengkiller,0
nradair,0
yuniktmr,0
rehohoho,62
randomMatrix77,0
KarhouTam,4
linjx-ustc1106,0
aditya12agd5,0
Rahul250192,0
muratonuryildirim,13
Sarthak-22,0
MogicianXD,2
GuilhemROLLAND,12
juun9714,12
ferisetiawan,0
WHDY,2
wangqs97,0
kawori,1
ligerfotis,0
mabirck,5
ArsenFromCrimea,1
lixiangbao,0
Xiangyu-CAS,0
arnoweng,0
AmanPriyanshu,16
vohoaiviet,0
jas-nat,2
haochen23,1
mlpotter,2
cspartalis,5
BillSam,0
chriselrod,709
ydon1111,2
anexplore,6
kevalmorabia97,4
wzwtime,0
hiroyasuakada,0
mingminzhen,0
guilhermedrud,3
rm-rf-me,0
mlexample,0
mattresnick,0
lorrywu,0
mengzhangjian,0
github-pengge,0
NoyMoreno,0
rohan1561,0
SDU-MagicMirror,0
EthanJYK,37
pengfe2017,0
Reza-Pourrahim,1
huohuayuzhong,0
zhanghang1989,170
erikreppel,12
ik9702,0
Ikomia-hub,0
1079863482,0
CurtesMalteser,3
kikizxd,0
HsLOL,7
samggggflynn,3
hsuchengmath,5
randalong,0
dayekuaipao,1
syys96,6
salmedina,1
huwprosser,6
xddun,0
liucongg,11
saehan-choi,1
tomron27,0
nmd-2000,0
n0obcoder,0
Abhipanda4,0
b53k,0
atranitell,3
ZhZhang711,35
chenz97,5
wakandan,24
Manoj-Kannan,0
IanSullivan,0
hiyouga,10
liuslnlp,7
jiayi9,0
jerryyyyy708,1
YuBeomGon,0
liulai,0
chuanli11,37
Jiangshan00001,8
taniyarajani,0
Wangt-CN,4
IdanAzuri,0
iamrishab,3
setyongr,17
Jintao-Huang,228
xiaohao-lin1,0
abhijeetg12,0
TheInfamousWayne,0
Joejiong,90
iodriller,3
carlosdcastillo,2
weiyangfb,61
NIRVANALAN,4
LiYuan199701,2
kdh0429,13
alejands,51
stephkno,0
zonghaofan,0
r4ghu,33
biyoml,0
dlgyy,0
LiliMeng,0
singularity014,0
iffsid,24
SatoKeiju,0
gazeai,0
coldhenry,1
GuHongyang,0
Harryi0,0
ntlm1686,16
Mayukhdeb,41
cypw,0
takmin,2
JASON7033,0
nslay,4
Neeti-Jain,2
railiavaliullina,0
packyan,41
collector-m,0
SiavashCS,0
AhmetFurkanDEMIR,1
hieubkvn123,1
DesperateMaker,1
mmk-ai,0
Sunbaoli,0
Honsia,0
HarryVolek,1
johnny-walker,0
curtdissel,0
TreezzZ,2
yl-1993,75
YaddaShang,0
Animesh-Chourey,0
ben-mackenzie,0
xu3kev,19
alex-lechner,1
Nebula4869,0
bottlecapper,0
Lluvia-Tang,0
zzsdsgdtc,0
paulosestini,40
salmanmaq,27
zym1119,1
rowantseng,0
stuartnankai,0
Swag-tb,0
gigantenbein,7
pranavajitnair,4
TahsinPavel,0
Ri0S,0
tonysy,78
echurch,0
FarukFS,2
Eureka-JTX,0
DongKeon,1
MaximumEntropy,193
VissageMo,0
calebl37,3
bin-go2011,0
linksense,0
Awcrr,5
zhiyunl,0
sung0471,9
BUAAChuanWang,0
tulacik,0
clcarwin,8
NitzanHod,4
Ugenteraan,6
imkuang,3
HiiYL,16
foamliu,0
bliunlpr,1
yawen-d,25
shubhamjn1,0
probtorch,0
nmnsharma007,88
minhna1112,10
MMU-VisionLab,0
3rd-Musketeer,0
myay,1
Oops404,1
rshormazabal,0
rythei,0
Schwolop,0
mesmerx,24
lpj0,0
Billijk,0
dkp1903,46
ugin331,0
mtiezzi,4
mindingyao,0
eminem171333491,0
DableUTeeF,8
BJohnBraddock,8
YWHyuk,20
wangjl-nju-2020,0
ptklx,0
ldeecke,0
ROCmSoftwarePlatform,0
Pablo-163,0
ccoltong1215,3
Glushiator,0
meder411,1
aksenventwo,1
vinhkhuc,7
arnab39,0
InformationRetrieval-Hongik,0
kogans1107,0
zack-yu666,0
wjdghks950,0
fan-linhao,0
bhuminiecki,2
jillnano,0
qilei123,0
SSARCandy,96
zxy317,0
adaliuBC,7
AnantVijaySingh,0
daveboat,4
SSusantAchary,0
BarCodeReader,5
AyadAlmamary,0
AiueoABC,1
saidalfaraby,0
crafter-z,2
wutianyiRosun,10
MIVRC,0
kunjan-mhaske,0
mswzeus,0
hurxx018,1
rskmoi,0
ArtyZe,0
huangtao36,0
zllrunning,2
yukkyo,3
clearlyCoding,0
Beitadoge,0
abidikhairi,0
yerimoh,0
moaz-elesawey,0
shinoyuki222,1
heathcliff233,1
PeterKillerio,0
Fuyi-Yang,0
roguh,36
DebasmitaGhose,4
xinshuoweng,1
MaskedIsland,0
AlanJacob97,0
xhzhao,3
KoryBurns,0
hefan1,0
Lc-1024,1
logarithm27,0
shengteng19,0
rczhen,0
yaox12,100
mengzhu0308,0
aqbewtra,1
JieChenSimon,0
yoonhero,8
George0828Zhang,10
pranjal2410,4
eveningdong,6
tqxli,3
alantanlc,9
yy1401,0
davidtvs,4
myxuci,0
filipwinzelllth,0
aishangcengloua,4
chengsen,0
Chifffa,0
YangXuanyue,4
kevincao91,2
steveowk,0
thydeyx,0
ggxxding,4
AIFanatic,0
yunbattle1994,1
RBirkeland,5
masonmsh,0
Premkumar7090,0
yanjingke,0
polasha,1
poppyleo,0
elonashatri,57
yuezuegu,1
Mark-Sang,0
tanreinama,2
curaai,14
junzhouye,0
xvdp,12
vivektyagiibm,0
bugsuse,3
Kiwoo,0
AICommons,0
dongwhfdyer,0
mashagua,3
xiong-ml,0
lembolov9,2
kaixu-zen,0
Yaoyuanzhou,0
YuehChuan,5
daisyjack,2
NSpil,0
RuiZhang-ICT,0
Nial4,8
ZhangMingxin1997,0
arvention,1
preduct0r,0
guolinbuaa,0
youssefshoeb,1
kurudj,2
AlanGacihi,2
cjwcommuny,9
NeedC,0
Doragd,16
brian-you98,0
aeadod,0
huiqu18,0
ShawnFrost23,0
lihsintseng,1
VikHerr,0
Thorimus,0
Avi197,1
happyConan,0
AdityaKarn,9
hanzlfs,6
iliathesmirnov,6
yoonsanghyu,0
gongyongkang,0
kenandaoerdect,0
dourgey,3
martinetoering,0
romulus0914,0
miraclewkf,3
delira-dev,0
jhhuang96,2
wwz58,0
Conzel,8
andrewsunst,1
ixn872,0
skmhrk1209,0
w00zie,0
lukazaplotnik,1
elzino,21
undertherain,75
hrzlmx,0
Chaiyanchong,0
CS4445-JasonDykstra,0
yakunpku,0
puririshi98,146
jxm6165,0
aitorzip,0
bnusss,0
KevinChen1994,0
shahuzi,0
m12sl,4
bhushan23,66
bigdatasciencegroup,0
mmkekic,32
Logan-Lin,0
jweig0ld,14
ZiJianZhao,2
tscianmarello,0
lucky7323,186
thesuperorange,2
ha2sd,0
ChenEating716,0
sgrvinod,0
yhung119,106
NickyLam,0
acholston,0
rayankrish,20
sovit-123,60
tszdanger,8
c1rew,1
pdefusco,4
gathierry,2
reddy92rosh,0
wilile26811249,1
elcolie,6
sechetbot,0
hihiendru,49
SomaNonaka,0
yururyuru00,0
Andrey885,1
RimDan,0
duc-ke,0
sfc-computational-creativity-lab,0
J094,0
HopLee6,0
z-bingo,4
ramjv,0
jewfro-cuban,2
vimarshc,4
CreeperLin,1
VictoriousRaptor,133
Spiffical,4
luuuyi,4
2000ZRL,0
Naagar,6
hkhpub,0
SaralaSewwandi,0
hei4,2
Riadh-B,0
TobiasDing,0
tstandley,3
SilentStars,2
BenjaminAm,0
semin-park,36
pengyuchen,64
qwqw1314,2
etienne87,6
wcl20,0
Bovbene,0
kirant1008,0
qarchli,0
BurnhamG,0
gilisho,12
chaozhong2010,0
JihaoLee,0
danielliucs,18
matsengrp,0
Wayho,1
ammar885,0
long95288,1
good5dog5,4
nikhilbudathoki,0
congffu,1
clw5180,0
marsolo93,0
Yuuraa,34
wilkice,12
visbond,0
mohdumar644,0
ritwikbera,1
zimengq,2
ouening,0
finnickniu,1
MohitJuneja,0
Mahsa13473,0
Haruka0522,2
vdecaro,12
vivanov879,10
xinzcode,0
MohsenFayyaz89,3
SummerHuiZhang,1
SwayambhuNathRay,0
tewei,0
chlee1983,0
zheyejs,0
quking,0
jama1017,9
dsp6414,0
sofiacatalan,0
MlWoo,6
SnowIsWhite,5
ChiragJindal21,5
SonOfGod777,0
andrew-bydlon,1
1058011747,0
nin-yu,0
vinesmsuic,48
DGenady,0
LiuLinyun,0
YooJiHyeong,0
zhenghao977,0
LennonLau,0
AJingshou,0
matthewfeickert,2387
Xiaoctw,0
Lkruitwagen,88
MahdiAbdolmohammadi,0
ali2009a,0
krishnan-meep,0
pedrob37,0
mario-rot,0
And1210,9
cdschtz,22
wolverine28,0
Nihal987,0
BannyStone,1
HanshuYAN,0
mpalaourg,0
traveller59,0
GenoZhang624,0
soumickmj,13
wzg16,0
M-Daniyal-123,2
long123524,0
SkyfengBiuBiu,0
domisProgrammingMemes,0
rahuldshetty,6
Luhaozhu,0
1587257781,0
Gezahiegn,0
CheQiXiao,6
XingruiWang,2
naveen-hyperworks,0
billtubbs,14
txrc,0
SijmNoteboom,0
OniroAI,0
eugenelet,14
Nakanoma,0
kacostello,3
zhenming33,1
leoriohope,0
bbidong,0
gajdikuka,0
andreabassi78,0
cmFighting,0
kose,0
henie2333,0
machiredd,0
rasbt,373
SMKamrulHasan,0
phoenix-meadowlark,251
taoyang1122,12
williamSYSU,0
sunlanchang,1
peterzhang2029,43
dmkaner,0
Silent-voice,52
yusonghust,0
8yrce,0
jvlk,0
assafshocher,3
bamasa,53
LizzieTang,0
koptelovmax,0
wfraher,1
Xiehuaiqi,0
MMSS9402,0
futureisatyourhand,0
rohitvk1,0
rensutheart,0
BigChungusDaddy,0
lyl7650,0
yashbelhe,1
tensorinfinitysip,0
smitheric95,17
bollakarthikeya,1
Hyunmok-Park,0
Pradip-Kathiriya,0
jordan-g,4
TheArheus,0
ArgoHA,0
djycn,0
ShanksVision,0
aqc112420,0
ajbrock,4
PhilippKitz,0
tachillon,0
SaliencyDetection,0
Joseph-Winkle,0
edwardwterry,4
oskin1,630
jhlee17139,0
ElHouas,0
ACVAE,0
yyashkir,0
dollarkillerx,4
yutayamazaki,37
galidor,1
anuj27596,0
DeepLatte,0
jameschengpeng,0
as791,0
kobykotiv,2
RohauerRobotics,0
YiPrograms,30
keep-steady,1
supernotman,0
QCOIN-LAB,0
aaronespasa,0
caganselim,0
boringleric,0
bellchenx,0
gagansingh894,0
Lorenzoncina,0
tollymune,0
ChenZhouUC,0
prateekm08,0
deoelvenmage,1
ShaoXiang23,0
ilex-paraguariensis,0
saeedahmadian,0
201419,10
s-chh,0
huiguoo,86
rushiv0609,1
reshow,2
erikqu,2
dribnet,105
LiuXinyu12378,0
sg-nm,1
yoshua133,0
chLFF,0
Andr1u5,0
SteinsGate9,0
Riretta,0
nikheelpandey,6
crane719,7
ymitiku,2
tigerneil,43
r4ho,0
jbakermans,0
rg321,4
rohanath123,0
Sayantan17,0
mtliba,0
itmorn,1
rahulrathnakumar,1
SunnerLi,0
WageningenKing,4
zihaog0724,0
elvisyjlin,45
apsarath,1
nxu96,0
shreyas0906,0
SeanLee97,36
gicsaw,0
shizhediao,104
arleigh418,0
waitwaitforget,1
samsungexpert,0
thanhhau097,3
js05212,2
suraj-maniyar,0
RorschachChen,1
Natsagdorj-Choijilsuren,0
ruihangdu,0
maxwellzh,19
tejash21,0
bsh0137,0
ooooooooe,0
sevenzero70,0
makifozkanoglu,3
Smorodov,7
Xingxiangrui,0
lbz2020,0
Kongsea,31
vprayagala,0
andyguo666,1
RizhaoCai,2
NehaJSarnaik,0
CharlesNord,0
hrxorxm,48
evavanrooijen,12
fatemehadadi,1
NULL-2019,0
bekir23,0
Gavin0203,0
MagaliDrumare,0
JoonyoungYi,4
sjwright90,0
Knight3-code,0
SWHL,31
jralha,1
ahstarwab,3
Chen-Junbao,14
gclausen0272,0
MIV-Group,0
tomdburns,0
Blue-Giant,0
hz-ants,0
ShomyLiu,10
jungwon1413,1
undefinedXD,2
ninfueng,4
ZdecydowanieNieGrzelczak,0
zukangy,5
Smallflyfly,0
lucasroitman,0
BlackyYen,0
DebeshJha,10
hunkim,151
ziqi-zhang,1
rahul-jha98,33
shanemankiw,1
nuaazs,2
boluochuile,0
stanlee321,3
siddhanthaldar,9
Gaozhongpai,2
kxgong,0
yqy,0
ian-jihoonpark,3
sssharaf,0
MVIG-SJTU,0
jaegpark,9
Prince9403,0
MaximeAeva,0
lhsheild,4
billzhaox,1
Grand251,1
wangwang1125,0
swatisingh45,20
michaelfedell,44
tabVersion,302
Vin-Xi,0
vakkov,15
zhoujx4,0
Yuagilvy,0
xueleichen,1
HsiaX,0
kehuantiantang,0
beni045,0
BenMueller1,24
antonyvigouret,0
tqlong,0
kumarvis,0
anujdutt9,2
mousecpn,0
zhsaile,0
1zuu,0
karascr,2
InvictusY,0
LeoWood,0
g1wang,0
huzi96,5
emptysoal,1
jielongzhong,0
shellkore,43
Olembo,0
Bugdragon,0
DashankaNadeeshanDeSilva,0
UncleThree0402,0
HengyiWang,42
fedetask,56
sheepover96,10
elliottzheng,19
dingjun6953,0
jiaxiang-cheng,1
Strideradu,15
LoredCast,3
sumanth0892,0
leonoravesterbacka,9
chriszhangwj,0
TalentBoy2333,0
quaziadib,3
mrtunguyen,1
tien02,3
igeng,1
mangyun,1
hdvvip,0
JunsukLee,6
SaiPrajwal95,0
VecihiAsim,0
zhulf0804,5
erika1203,0
SindiLab,0
DongSky,8
maingoc1605,0
HAOLI-TUKL,0
ducminhkhoi,0
LuisEstebanAcevedoBringas,0
mnmjh1215,0
MauiDesign,3
AgnesNM,7
assafge,1
Immortals88,0
qq249356520,0
lighTQ,0
imdsafi09,0
taowenyin,0
experimenti,5
sobikaa,0
zhaoyuzhi,6
zzzzzzzzzzzzz,5
martinwhl,0
devbruce,6
joshuwaifo,1
jiesutd,5
GerogeZhi,0
security-softwares,0
terrorizer1980,4492
Chaanks,14
Eedvard,0
Derpimort,10
tienluongngoc,0
grimoire,311
vyraun,21
hankniu01,0
lihao2333,1
hayashimasa,0
austindelatorre,0
AndreaCossu,207
JunMoLee,0
14472506,0
lz1159435992,1
danielzgsilva,21
CAM1113,0
zhouruikun,0
w452144816,2
zhoudaxia233,0
IMAC-projects,0
lldustc,0
Mystiking,0
cthurston-clgx,0
devonsuper,2
AmartyaCSB,2
humblemat810,3
RolandGao,1
DanielCoelho112,2
Time1ess,315
aayushs879,0
DavideA,2
seanywang0408,3
Rozi1,0
philipjball,6
furkancoskun,2
hyungminr,0
HuzaifaToor,0
Ravitha,0
AnuExMachina,0
JoursBleu,2
MightyRaccoon,0
dat3814606,1
Donghwa-KIM,2
DrTang2000,0
15101538237ren,1
AtmegaBuzz,169
zjcs,0
rplzzz,147
Desa1egn,0
ShivaKondapalli,0
yzfly,10
JJASMINE22,0
jusque-a-la-fin,0
Youngjae-Lee,0
shreyas-kowshik,37
changyu98,0
huyvnphan,1
thegyro,11
v0lta,12
pcmin03,0
kan25d5,0
gplast,0
vedantbonde,2
onlytailei,10
karlosdb,0
WBGZDTSL,0
bnicholl,0
beomgonyu,0
bob831009,0
marcoseraphin,1
Shenyve0101,0
Linardos,7
ricohasgithub,18
Jen-Jon,0
Shrey-Viradiya,1
jefflai108,0
wnsgur1198,0
winston-lin-wei-cheng,6
nieosf,0
alxfed,19
pr1266,0
Bil369,3
Hung-Ta-Chen,1
wangzhengy,0
sagnik1511,27
shuaizzZ,0
bioinf-mcb,0
t107598066,0
AishuaiYao,0
yuquanle,0
Maggiking,0
HenrySchwerdt,2
captain-pool,45
codtiger,10
Julia-Run,0
ErenBalatkan,24
Chung-I,2
ryujaehun,12
Subhasom,0
cccshuang,1
MarkhamLee,1
Kumarabhi666,0
holmdk,3
pradeepsk-23,0
xiaohuihuichao,0
zwx8981,3
omrahul,0
wuxiaolianggit,0
Sandbox3aster,0
ntkhoa95,1
abdxxw,0
stoneyang159,3
zcemycl,0
wtergan,1
oshima-yoppi,0
torchvideo,0
Arseni1919,0
dnlcrl,15
danielkelshaw,153
ConorLazarou,0
Gvence,0
interactivetech,13
yumening7,0
heojae,18
AleX77NP,2
haotian-liu,15
yingqing0317,0
callmewenhao,0
VegetablesMaster,0
FredaWerdiger,0
KonroyZhu,0
chagmgang,93
spkywood,1
woojoo99,0
cjearce,0
Jane-123,0
st186,0
yjh0410,0
t-vi,309
flarelink,0
wizard1203,20
xChiri,0
conebot,0
lmiz100,0
yangyang-nus-lv,0
MouxiaoHuang,2
hortune,3
plweegie,8
TLampr,0
gireeshkbogu,0
ml-illustrated,3
a7031x,0
nebula-beta,0
D0miH,128
Uchiha-Hieu,0
tfmoraes,140
myungsanglee,1
dezhili,0
shimon-c,0
chakam1307,0
mmedlin1997,0
MKowal2,1
DerekGloudemans,13
diggerdu,13
benlin131020,6
MayankSingal,20
nikhilbarhate99,8
MMorafah,0
SAGNIKMJR,3
shaoeric,17
vvagias,4
Hui-Li,6
young31,4
YueWenjun,0
VedantGhodke,0
abhayraw1,7
leimao,40
david990917,27
diabhiue,2
julianstastny,6
chun8933,0
DetectionBLWX,0
goys94,0
YangfeiLiu,0
samx97,0
scottjiao,0
ZrcLeibniz,0
LYoung-Hub,0
elliotbeck,0
ShreyDixit,23
marlondantas,5
theidentity,2
braveapple,0
GlassyWing,0
dongyang2,0
JohnNehls,0
schelotto,0
jtlai0921,0
DocF,0
Ren-Yaqian,0
Ninebell,1
zmurez,10
gittygupta,11
claydeman,0
zbxzc35,0
yuxwhkbu,0
hamanhbui,0
chenzyhust,0
zhuodannychen,7
lyp741,0
prismspecs,4
dragen1860,1
BaoWentz,6
shumaym,0
tomguluson92,56
NanWuIT,0
ChawDoe,0
harimaruthachalam,1
1219521375,5
yashpansari,9
MacJim,0
espectre,5
Bigpig4396,0
obijzbo,0
edwardning,0
Shivali121327,0
cxiang26,13
wadmes,26
GermanPaul12,0
SeoLabASU,0
annadapb,1
LiaoWC,37
cc97nitu,0
lt-asset,0
Keillion,121
MINGG2333,0
oded282,37
Xiangyi1996,0
NaturezzZ,11
abzb1,0
Momilijaz96,1
White1973,1
Kitware,0
Dawnstar8411,0
LY-Road,0
autohe,0
NuealYoon,1
ElifCerenGok,0
frozenparadox99,7
milleniums,0
sowd,1
sreenithy,0
kaiyaointel,0
rileyblack,0
PengBoXiangShang,8
mansikataria,15
ehsanik,11
gdelacruzfdez,1
Wredter,2
ytZhang99,0
juni-lee,0
Di-Weng,0
PhotoWolf,1
oscardpedrayes,0
xiuyuan0216,6
JasonGUTU,7
millermuttu,0
ksadowski13,8
yuxwind,0
Movahe,0
as595,4
kawhidiot,0
martius-lab,1
DaehanKim,5
lingchuL,4
omerunlusoy,0
Anubis7th,0
NguyenThanhAI,0
JimpeiYamamoto,31
dulayjm,5
skrish13,92
douhaoYaz,0
adityarp9,0
phanxuanphucnd,0
djosix,6
neuece,0
Michael-OvO,4
stabgan,10
LvXueshuai,0
jeongabae,5
mehdi-mirzapour,2
mohak1,3
cfinlay,4
rayan-yu,3
deephub-ai,0
XieYuanfeng,0
De4r,0
Hsankesara,88
vltmedia,8
juntang-zhuang,13
YimingZzz,0
voidbag,9
SapanaChaudhary,0
csjiangwm,0
mimbres,4
Elain-q,0
smiler96,0
whywww,4
2KangHo,0
nghiahhnguyen,2
zhangzihaokev,0
DoganK01,3
JimLee1996,7
sckim0430,0
AnnYoS,0
Vipermdl,0
maggeek,0
rschwarz15,1
Ram81,450
pb2377,0
ceisenach,0
ChungYi347,25
amritasaha1812,0
Aismarter,0
CODEJIN,8
jaroslaw1007,0
pirunita,0
jonnedtc,2
ddiddi,2
phranq0,0
soeque1,37
Natsu6767,19
safwankdb,39
xk-huang,17
junqingchang,0
amnsr17,0
ihollywhy,1
Dot8Pixels,0
meiirbek-islamov,27
wb014,0
yingmuying,0
mrcgliu,0
wendywlh,0
krumo,2
AndyPhoenix9879,0
HuipengXu,6
allanj,9
plok5308,0
QAQgc,0
Michael5467,0
Jason0917,0
keyu-tian,8
koochak-mehdi,0
georgeyiasemis,78
RyanRizzo96,0
qiuchili,0
Interesting6,1
VisionSystemsInc,0
Jiajun-Liu,0
thuyngch,4
GNN2QSU,0
mklimasz,6
hiepbkhn,0
stevewongv,0
luninsun,0
EnrcDamn,0
siniphia,5
pprp,24
batuhan3526,0
IVPLatNU,0
nikunjlad,32
AiMizuno,0
heming-zhang,0
SethurajS,0
meizaguirre86,0
eqy,297
ppx-hub,6
frechele,14
Jaela-C,0
Samuel-Bachorik,0
qiaosiyi,0
Shawn-Guo-CN,6
Marwanmhks,7
yjt2018,0
Kodamayuto2001,0
anushmite,0
9bow,110
ki-ljl,2
ImKeTT,1
kiddliao,0
comeeasy,27
abdulghaffaransari,0
BruceJust,2
Sebastian514,0
zhangjh915,0
torch-points3d,0
youzunzhi,0
YOUSIKI,9
shehuan,1
pahung1999,0
rolambert,2
ferpar,52
wormhole2019,0
xouan,0
arynoviyanto2,0
zsef123,31
tori22,1
mathamp,0
xkiwilabs,1
Normalist-K,1
fanq15,0
mxl1990,0
chenyuntc,20
tabularasa066a,0
pyxploiter,2
Wayne122,0
KNChiu,0
JasperGA,0
ijinjay,3
tnakae,5
amirmallak,1
MNaplesDevelopment,2
wenleix,584
arielkuong,0
PPhub-hy,0
takeru1205,2
souravsingh,362
hwangtamu,2
crcastillo,0
nakashima-kodai,20
quantbruce,0
tomelf,6
PrimadonnaGit,2
Marvin-desmond,1
Teun-Schuur,0
June01,0
ishine,2
Syavaprd,2
Karthik-Ragunath,3
Keezuu,0
Finterly,13
ainrichman,0
wangmengsd,0
ppva,0
CalumMacLellan1995,0
DragonChen-TW,10
lucabergamini,152
Lyken17,28
RajanNV,1
JamesWang007,3
suolyer,30
minar09,1
Sunda233,0
LiYangSir,6
EthanRosenthal,27
BodyCSoulN,2
mrkieumy,0
tochilkinva,1
StephenStorm,0
tuananh1007,0
fcorencoret,2
tangruofeng,0
neetmehta,0
eran505,0
tivandic,0
tristandb,15
aflah02,68
enterpine,0
shruti2126,5
HoldemGK,2
hagerrady13,1
deepnetni,0
WangYuzhen1996,0
rachelpeichen,0
gary109,0
SukerZ,0
jiantenggei,0
juderoque,1
Advaiit,6
R-Fehler,2
charliehpearce,0
