username,forkedRepos
alejands,15
wakandan,35
vivanov879,12
xChiri,2
chuliuT,7
hyungminr,1
Shrey-Viradiya,5
QAQgc,2
moaz-elesawey,8
imdsafi09,154
xinzcode,0
taowenyin,1
dalgu90,6
r4ghu,20
wangwang1125,1
SeanLee97,64
LYoung-Hub,0
raheelqader,0
igeng,3
naiveHobo,27
Prince9403,0
mollerhoj,37
CurtesMalteser,3
anushmite,2
BUAAChuanWang,58
DerekGloudemans,8
supernotman,6
soeque1,26
wfraher,2
LeifYaoYuXiang,5
machine-perception-robotics-group,0
Rubiksman78,3
haotian-liu,22
vence-andersen,2
MIV-Group,0
billzhaox,3
jiantenggei,3
tangruofeng,1
RBirkeland,8
huangtao36,59
mabirck,11
BlackyYen,0
eran505,0
loui0620,3
Ninzore,17
Chaiyanchong,91
cs19b025iittp,0
thesuperorange,8
Awcrr,3
reddy92rosh,0
lembolov9,3
MMSS9402,2
Machine-Learning-And-AI-Projects,0
AishuaiYao,0
ArnaudFickinger,16
wormhole2019,12
Dawnstar8411,4
yaox12,15
experimenti,34
NguyenThanhAI,14
NeedC,8
Yogurt2019,3
gigantenbein,7
Glushiator,9
anexplore,49
jjgarau,1
pb2377,2
linjx-ustc1106,7
ty625911724,1
Allen2401,1
safwankdb,17
bigdatasciencegroup,0
arleigh418,0
pranavajitnair,26
jsesr,2
ashuuuriii,0
Kevin-JisuKim,8
delira-dev,0
rayankrish,7
SonOfGod777,0
rasbt,52
hsuchengmath,12
givenone,17
ElliottYan,16
hghimanshu,3
MIVRC,0
FurkanYlmz97,1
cfinlay,7
rahul-jha98,6
sihamdmostafa,6
ranjitation,6
yerimoh,3
victorist,1
Yukiyousa,0
ian-jihoonpark,7
doduythao,2
wangxianrui,36
rg321,34
nradair,0
yuxwind,40
goys94,0
1219521375,17
TheRealBaka,2
LuisEstebanAcevedoBringas,0
clovaai,0
ethandrzb,0
theidentity,7
YimingZzz,0
TodoListIOS,0
Amitahu,2
mmk-ai,0
ycjing,14
SJ-Chuang,0
SkyfengBiuBiu,4
liteworldz,0
LiYangSir,10
jbakermans,0
hamanhbui,0
Hsankesara,28
CreeperLin,21
DeepInEvil,5
lz1159435992,16
xinshuoweng,5
Averyyy,5
tedhuang96,9
goksinan,0
frozenparadox99,22
tabularasa066a,1
YooJiHyeong,9
adapa160,0
mtliba,11
otzslayer,3
Joyce94,18
nikhilbudathoki,1
yearing1017,10
devbruce,4
Rozi1,2
CS4445-JasonDykstra,0
Logan-Lin,0
Bugdragon,16
D0miH,20
oded282,2
MightyRaccoon,0
mrtunguyen,12
LiYuan199701,10
Natsu6767,2
KIMI-debug-maker,5
Fuyi-Yang,5
crane719,1
MauiDesign,2
LY-Road,0
shizhediao,100
wzg16,54
pei-hsin-chiu,1
pangkun248,3
scottjiao,15
aayushs879,0
salmanmaq,15
ISwordLion,6
cdschtz,5
s-chh,0
ZiqiChai,315
noahzn,3
pharrellyhy,21
ligerfotis,4
rolambert,29
GenoZhang624,2
Jen-Jon,0
SaralaSewwandi,2
leimao,72
aertist,32
sicong-huang,4
benlin131020,3
goldhuang,2
zhouruikun,3
XingruiWang,23
InformationRetrieval-Hongik,0
iamrishab,64
FarukFS,2
sneha0401,4
SaliencyDetection,0
cyk1337,13
Billijk,2
curaai,2
andreabassi78,1
RohauerRobotics,3
yasin624,2
abzb1,0
Marvin-desmond,8
izmailovpavel,10
ik9702,6
1zuu,0
chengkangck,3
Lan-ce-lot,40
lbz2020,21
zllrunning,60
SMKamrulHasan,18
juni-lee,0
Kumarabhi666,1
yinizhizhu,28
kiddliao,10
leeesangwon,34
YueWenjun,28
J094,13
huwprosser,13
Hyunmok-Park,4
yqy,3
AJingshou,1
txrc,4
singularity014,2
ksadowski13,3
MVIG-SJTU,0
lucasroitman,0
SukerZ,0
jang1suh,5
9bow,59
odegeasslbc,11
Lc-1024,1
xu3kev,33
yeeeqichen,12
Desein-Yang,5
liuyundong-2020,92
pyxploiter,10
prateekm08,12
Unicorn-acc,1
rohan1561,9
curtdissel,0
rachelpeichen,2
braveapple,47
jonnedtc,1
gagansingh894,3
zym1119,7
manhlamabc123,15
JamesWang007,140
Ruitao-chen,8
mathamp,2
rushiv0609,2
ryujaehun,14
mingman514,3
YeonwooSung,11
chlee1983,0
LewisHS,1
ShanksVision,0
dollarkillerx,57
MMorafah,6
junzhouye,0
Sunbaoli,0
Afan227,0
DanielCoelho112,9
CestLucas,2
aeadod,24
RuurdBijlsma,15
ZengyuanYu,15
stanlee321,248
DawnHH,2
VictoriousRaptor,31
SDU-MagicMirror,0
elliottzheng,18
HanshuYAN,5
Sayantan17,16
vy007vikas,1
bhushan23,102
Wayho,19
Luhaozhu,12
tien02,1
jianzhangcs,24
probtorch,0
eminem171333491,10
STK101,15
lukemelas,12
AnjieCheng,3
rllelmz,0
saehan-choi,8
HiiYL,17
PPhub-hy,0
ZhichaoOuyang,38
Kitware,0
dezhili,80
Gavin0203,1
jinalharia,8
xddun,34
MohsenFayyaz89,23
ji-in,27
Nial4,11
ZhiwenShao,106
meizaguirre86,0
Chung-I,40
xiaohao-lin1,0
hrxorxm,8
leichenNUSJ,6
RajanNV,2
sarvesh211999,27
Ed-gong,6
AnnYoS,1
qwqw1314,5
itrusteyou,0
congffu,20
eqy,21
dl19940602,135
martinetoering,18
jielongzhong,0
Shenyve0101,3
iodriller,1
stoneyang159,25
dingjun6953,0
elzino,10
Joejiong,443
r4ho,5
batuhan3526,0
oshima-yoppi,4
UCI-ML-course-team,0
cc97nitu,2
clearlyCoding,0
Riretta,8
thydeyx,16
mario-rot,0
randomMatrix77,1
yyashkir,0
DongSky,46
HiroForYou,104
jingxu10,24
shivanisrivarshini,0
Smallflyfly,216
marlondantas,6
Marwanmhks,5
qianyuqianxun-DeepLearning,31
aloomya,6
vedantbonde,5
VishalBalaji321,2
zhiyunl,5
tscianmarello,0
gongyongkang,0
ldeecke,0
589hero,12
justusschock,46
ml-illustrated,4
yururyuru00,6
waitwaitforget,24
henrypowell87,1
kogans1107,4
LeoWood,40
tomershay100,1
YangfeiLiu,4
TheInfamousWayne,29
xk-huang,26
crafter-z,1
jhlee17139,1
DeepLatte,3
MNaplesDevelopment,1
sharathmaidargi,1
DocF,33
BarCodeReader,65
Olembo,0
OniroAI,0
CAM1113,33
otenim,8
BruceJust,23
zcemycl,89
elliotbeck,2
tomron27,6
chriszhangwj,14
BenjaminAm,4
EnrcDamn,2
wadmes,9
stuartnankai,3
Kongsea,60
zhenshen-mla,22
tensorinfinitysip,0
taoyang1122,12
AIFanatic,0
johnny-walker,1
yakunpku,0
masonmsh,0
limberc,149
RizhaoCai,18
young31,2
yjh0410,14
InvictusY,20
xvdp,76
gazeai,0
mcgoughlin,8
rileyblack,0
packyan,11
qinhaihong-red,108
Thorimus,1
Ninebell,9
yaoceyi,59
elonashatri,36
NIRVANALAN,167
StonecutterX,16
Keiku,0
kobykotiv,40
DoganK01,40
KonroyZhu,36
zonghaofan,81
randalong,4
tristandb,10
lmiz100,1
bamasa,8
Learner0x5a,16
vujadeyoon,10
lixiangbao,58
z-bingo,28
nriteshranjan,14
yourFriendlyNeighbour,0
Bovbene,0
security-softwares,0
Mjkim88,0
m12sl,28
Optimus1072,90
Pragjnesh,0
MaxandYuki,14
AhmetFurkanDEMIR,0
qiuchili,27
stevewongv,28
tqxli,3
winston-lin-wei-cheng,2
leichtrhino,1
BenMueller1,6
kose,0
SSusantAchary,536
guolinbuaa,17
wangzhengy,1
georgeyiasemis,2
hwangtamu,53
tiruota,2
goodhamgupta,50
fanq15,48
amirmallak,0
leognha,1
VHCC,9
mswzeus,0
pahung1999,2
NehaJSarnaik,0
sfc-computational-creativity-lab,0
IFADA,3
Samuel-Bachorik,0
Advaiit,4
mousecpn,1
cocoakang,0
nuaazs,39
wangqs97,0
jvlk,0
ahstarwab,26
ajinkya98,1
takeru1205,6
yhung119,0
OctopusLi,14
t107598066,0
summary-GodBlessYou,3
MagaliDrumare,17
rohithkumar282,1
Gerryflap,3
Premkumar7090,6
Keillion,17
Doragd,58
TTdeveloping,4
2KangHo,6
Linardos,16
yoonhero,5
JackHCC,4
gpauloski,10
YangXuanyue,5
Windxy,17
15101538237ren,5
cccshuang,91
RenaLu,3
jweig0ld,5
ymitiku,32
devonsuper,6
deoelvenmage,3
NanWuIT,1
StephenStorm,6
MatthewCaseres,52
Derpimort,3
st186,15
yangyang-nus-lv,5
AMITKESARI2000,18
Eedvard,4
zhoujx4,3
aqc112420,13
VegetablesMaster,0
Codelegant92,19
wenzhilong,19
LiuLinyun,14
qq249356520,0
2000ZRL,2
Maggiking,0
NoOneUST,47
June01,47
mohdumar644,2
lnhutnam,82
ShaoQiBNU,171
hphp777,0
maggeek,1
yusonghust,14
wutianyiRosun,106
opatrickchen,12
edwardning,1
tabVersion,57
Schwolop,4
bartonlin,2
smitheric95,3
jas-nat,4
good5dog5,44
sreenithy,18
jingjin25,0
GeniusAng,0
mrkieumy,9
hurxx018,2
brainsoft-ai,0
maheshambule,13
AtalsKim,25
Sandbox3aster,82
EderSantana,37
taniyarajani,1
tstandley,1
ArgoHA,1
simotumoz,1
BoriaK,0
suolyer,45
bioinf-mcb,0
Sunda233,1
alxfed,24
FLyingLSJ,48
KoryBurns,0
MaskedIsland,0
tfmoraes,39
satya77,7
des5ve,0
cwangjiang,0
omrahul,0
brian-you98,2
mxl1990,8
Riadh-B,6
as595,16
shimon-c,5
pengyuchen,10
jeongabae,10
rczhen,4
AiMizuno,3
mengzhu0308,0
WHDY,2
lukazaplotnik,0
201419,31
samggggflynn,73
djycn,3
laredein,0
swatisingh45,79
vdivakar,19
wizard1203,57
neetmehta,2
satolab12,2
Julia-Run,0
dsp6414,899
mohak1,1
cjearce,1
SpeedOfSpin,42
ChenKaiXuSan,24
shruti2126,4
eric-le-12,8
antihutka,8
ryanquinnnelson,4
moqi112358,8
Desa1egn,2
gicsaw,0
sechetbot,0
hz-ants,6
NaturezzZ,25
reshow,5
yuxwhkbu,0
dnlcrl,21
aqbewtra,7
Naagar,27
songrise,17
liaomingg,7
wang678,5
wuxiaolianggit,753
vimarshc,26
ACVAE,0
Cai-Yichao,3
neuece,40
Lyken17,100
JohnNehls,2
tulacik,1
jcheunglin,15
thuyngch,32
fan-linhao,0
ChungYi347,1
bnicholl,2
salmedina,49
liucongg,12
Wayne122,7
DGenady,1
Huang-rookie,0
MoMe36,5
LizzieTang,4
nikheelpandey,20
calebl37,4
dragen1860,14
xelahalo,9
clcarwin,447
8yrce,2
smj007,44
undefinedXD,16
wangmengsd,4
mmkekic,15
zsef123,32
davidtvs,4
zhangjh915,4
VecihiAsim,1
ronithbinny,0
mimbres,67
williamSYSU,20
HsLOL,6
hankniu01,41
Normalist-K,6
bigmb,33
lyp741,5
biyoml,0
qiaosiyi,4
chaozhong2010,21
Andr1u5,1
splionar,28
Sarthak-22,4
smiler96,4
iliathesmirnov,0
yytang2012,61
Flo11,11
rahulrathnakumar,25
charliehpearce,7
Momilijaz96,13
ben-mackenzie,1
gittygupta,8
lorrywu,0
shanemankiw,6
ChawDoe,4
jiaxiang-cheng,50
shehuan,9
HuzaifaToor,1
Knight3-code,0
Spiffical,8
SomaNonaka,0
pr1266,1
Grand251,0
M-Daniyal-123,5
wilkice,27
jiajunhua,1
SyedaSakinaZaidi97,0
chuanli11,106
De4r,1
abhayraw1,22
ap229997,5
SnowIsWhite,5
yanjingke,2
aditya12agd5,2
yueqiw,23
dreamplus1989,0
amnsr17,0
tachillon,0
siyaroner,7
luninsun,0
ImKeTT,5
RimDan,0
SindiLab,0
tangshengeng,3
jkr26,9
prismspecs,13
pdefusco,51
XuLongjia,2
baroibeo,0
hiepbkhn,0
MaximumEntropy,16
adityarp9,4
andrewsunst,1
AiueoABC,3
ModelBunker,0
ali2009a,0
whywww,5
aitorzip,0
Ren-Yaqian,0
Vipermdl,92
yaoyi30,0
CODEJIN,8
SAGNIKMJR,25
jaroslaw1007,3
henie2333,0
SaiPrajwal95,0
shengteng19,0
bearbearyu1223,9
yipersevere,0
7689000,4
kaixu-zen,0
CeasonCui,8
romulus0914,0
SilentStars,4
snowflakewang,11
alantanlc,12
yoonsanghyu,2
goldenbili,2
danielkelshaw,2
sunlanchang,15
Immortals88,3
Mark-Sang,1
tuananh1007,94
zzzzzzzzzzzzz,7
KongBe1999,16
daomengkiller,18
Wredter,1
HopefulRational,1
kumar-shridhar,38
Ivanaluo,0
joeljosephjin,41
mengzhangjian,77
chengjie11,8
kooyunmo,21
minhna1112,23
NuealYoon,1
rahuldshetty,26
sgrvinod,0
andrew-bydlon,2
PoonKinWang,2
Xiangyi1996,50
Zoesxw,4
nikunjlad,9
Nebula4869,0
sung0471,11
abdxxw,0
dkp1903,109
Karthik-Ragunath,44
HopLee6,1
long95288,9
ggxxding,26
cmFighting,8
ramjv,0
vyraun,2076
KuoHaoZeng,5
clw5180,291
Aismarter,1
dayekuaipao,4
GerogeZhi,1
keyu-tian,59
thegyro,15
myay,8
UncleThree0402,1
GeoZcx,30
Xylambda,10
trieutranq,6
jiangszzzzz,0
tollymune,0
dongheehand,3
KarhouTam,1
samsungexpert,0
undertherain,6
faportillo,1
percent4,3
ml-lab,0
xz6014,13
patugosavi,0
tuladhay,14
mattresnick,0
Ugenteraan,12
HoldemGK,10
jiayongzhang,18
takmin,4
juntang-zhuang,38
CuriousCat-7,53
jrobertojunior,4
DaehanKim,13
siniphia,3
zhoudaxia233,4
SpikeKing,36
mnmjh1215,1
nin-yu,5
dalinvip,59
setyongr,11
rshormazabal,5
railiavaliullina,1
ZhangMingxin1997,0
AyadAlmamary,68
comeeasy,15
Avi197,29
amitmeel,76
NULL-2019,1
sovit-123,39
KevinChen1994,6
nikhilbarhate99,7
Silent-voice,2
JinFree,65
mingminzhen,22
kevinkbc,0
juun9714,3
SunnerLi,3
beomgonyu,0
ducminhkhoi,9
vinesmsuic,37
mruberry,11
apsarath,4
LvXueshuai,0
MouxiaoHuang,9
suyashjoshi,0
mklimasz,17
xiong-ml,0
SatoKeiju,1
diabhiue,6
lihsintseng,4
lienguang0624,4
GuHongyang,3
ixn872,6
adipandas,2
ElHouas,16
Teun-Schuur,0
Beitadoge,40
Dzautriet,3
HenrySchwerdt,1
iskovskikh,1
QQQQ00243,1
edwardwterry,22
krumo,15
Bigpig4396,2
mzhang367,10
huyvnphan,2
inkplatform,1
nicoyang-21,17
gathierry,8
DableUTeeF,34
HollrayChan,0
SeoLabASU,0
eugenelet,40
V-ea,15
ferisetiawan,21
nickiteks,1
sabirdvd,469
Neeti-Jain,2
Lluvia-Tang,0
branislav1991,1
yeyanan93,2
CheQiXiao,6
biditdas18,11
YOUSIKI,41
diggerdu,150
ihollywhy,22
AlanJacob97,0
geekyutao,12
ppva,4
BannyStone,1
meiirbek-islamov,25
johnhany,31
hunkim,31
vvagias,45
danielliucs,3
sagnik1511,58
JimpeiYamamoto,1
jusque-a-la-fin,1
hiyouga,16
AEMARV,1
IVPLatNU,0
PhotoWolf,2
rimusa,2
js05212,1
samx97,0
pengfe2017,1
LennonLau,0
jxm6165,4
LoredCast,0
zhtjtcz,5
Michael-OvO,13
erilyth,79
wendywlh,0
muhmaz3,55
shufanwu,9
saeedahmadian,32
AlanGacihi,4
ColinKohler,6
ashawkey,14
clvrai,0
MaximeAeva,0
AndyPhoenix9879,0
lhsheild,33
deephub-ai,0
VissageMo,24
logarithm27,8
assafshocher,4
kaiyaointel,0
JoKerDii,1
Jiangshan00001,222
Dave0x21,1
tonysy,52
trisha025,0
kenandaoerdect,11
JasperGA,2
csjiangwm,3
aasharma90,8
dyhan0920,28
pranjal2410,3
collector-m,0
Huanghongru,9
lantgabor,3
codinglover-Noman,0
Xiaoqiqiyaya,1
HuguesTHOMAS,4
bollakarthikeya,12
zxy317,1
abhishekyana,32
gormlai,19
jama1017,5
lihao2333,32
MogicianXD,11
KaranjotSV,0
Shivali121327,4
ShawnFrost23,0
Wangt-CN,14
yuezuegu,5
kalviny,2
Mayukhdeb,20
emptysoal,0
ConnorJL,4
AleX77NP,7
abhijeetg12,3
luuuyi,11
BillSam,39
AmartyaCSB,28
FCYtheFreeman,4
TahsinPavel,0
CamiWilliams,11
daisyjack,8
liulai,5
lighTQ,31
VIPL-Audio-Visual-Speech-Understanding,0
gclausen0272,3
djosix,6
agrechnev,2
rmehta1987,23
zzsdsgdtc,6
arielkuong,0
SeHwanYoo,72
kawhidiot,0
ndb796,34
zhuodannychen,11
Dot8Pixels,6
wilile26811249,25
shubham1810,10
holdfire,1
yingqing0317,1
Michael5467,0
Gezahiegn,0
pprp,99
humblemat810,8
autohe,248
ANLGBOY,4
flarelink,2
kir3i,5
dribnet,110
pyaf,15
zihaog0724,2
Hoshi-masahito,0
huzi96,16
minar09,8
fatemehadadi,6
happyConan,105
myungsanglee,9
preduct0r,2
adaamm,8
weizhou-geek,9
david990917,18
pbehjatii,5
XieYuanfeng,2
nakashima-kodai,7
DesperateMaker,7
vivektyagiibm,0
leoriohope,5
koochak-mehdi,2
lingchuL,17
sadhana1058,6
filipwinzelllth,0
tewei,4
tigerneil,538
EthanRosenthal,12
tivandic,0
Enoch-Zhang,2
skyf0cker,36
futureisatyourhand,2
jtlai0921,54
yuniktmr,1
ChenEating716,20
Tathagatd96,11
RonKbS,25
yashpansari,2
michaelfedell,14
nudibranc,0
karlosdb,1
furkancoskun,7
Yuagilvy,0
ZhZhang711,2
jewfro-cuban,29
dulayjm,21
Mystiking,2
WageningenKing,2
LongLong-Jing,29
AgnesNM,17
yifuxiong,42
quantbruce,0
Jane-123,2
chagmgang,33
AryanSarswat,10
matthewfeickert,243
krisuety,0
RyanRizzo96,5
elvisyjlin,15
tienluongngoc,12
chenyuntc,25
GuilhemROLLAND,0
LiaoWC,5
xhzhao,25
lucabergamini,4
arynoviyanto2,1
swarnadeep8597,31
shahuzi,26
hdvvip,71
JerryJack121,5
tomelf,4
ljwa2323,21
Gaozhongpai,22
ycchen1989,38
SWHL,7
JieChenSimon,107
uitae-kim,3
hibagus,28
as791,1
KNChiu,2
eveningdong,15
yoshua133,18
BurnhamG,30
wolverine28,3
marsolo93,0
pirunita,17
os-hxfan,3
ruihangdu,22
polyuxdq,0
Arseni1919,4
Xiaoctw,4
zhanghang1989,37
omerunlusoy,3
ZrcLeibniz,0
jhhuang96,35
xueleichen,4
cspartalis,4
frechele,3
zhengfangwu,413
abidikhairi,2
GNN2QSU,0
makifozkanoglu,8
hiroyasuakada,4
Shimwonhyung,5
jain-avi,1
galidor,1
saidalfaraby,9
Hui-Li,20
traveller59,4
w00zie,2
YWHyuk,6
digital-nomad-cheng,8
miraclewkf,8
YaddaShang,0
Keezuu,6
jaegpark,9
vnj64,0
zbxzc35,1632
SiavashCS,1
yutayamazaki,7
liuslnlp,5
visbond,2
LucasVandroux,11
AmitNativ1984,10
aru31,23
chriselrod,110
boluochuile,2
SapanaChaudhary,11
grimoire,37
sumanth0892,0
fcorencoret,4
Jintao-Huang,10
jiesutd,8
plweegie,34
paulosestini,2
lt-asset,0
zhenghao977,8
youzunzhi,7
tobyshooters,2
DrTang2000,30
MoaazAbdulrahman,4
nishant1995,0
jxgu1016,9
abhilashabhilash3,0
bin-go2011,30
RuiZhang-ICT,1
keep-steady,99
aksenventwo,41
Grzetan,5
atranitell,9
nieosf,0
ahmedfadhil,327
WildCatFish,4
socar-serena,2
shaynaor,0
mlpotter,6
Shawn-Guo-CN,43
xouan,18
ZhenyueQin,0
domisProgrammingMemes,1
shuaizzZ,1
aishangcengloua,4
austindelatorre,0
Thepnathi,7
JunsukLee,11
SijmNoteboom,0
kevalmorabia97,1
nghiahhnguyen,8
Ram81,46
LiuXinyu12378,52
itmorn,27
danielzgsilva,3
BodyCSoulN,2
IdanAzuri,30
Bil369,7
mits58,2
wangjl-nju-2020,0
iArunava,10
Di-Weng,1
hisham-kottayil,1
mzamjadi,5
stabgan,61
SteinsGate9,14
ytZhang99,4
Pokemon-Huang,1
philipjball,23
AICommons,0
a7031x,0
guilhermedrud,3
shellkore,22
boringleric,0
bliunlpr,3
ashishjv1,9
Elain-q,0
MlWoo,17
MohitJuneja,147
diaomin,2
steveowk,3
SagarGuttal,1
xkiwilabs,0
evavanrooijen,11
jweir136,3
WangYuzhen1996,64
renatoviolin,55
rschwarz15,0
psu-epl,0
antonyvigouret,1
anujdutt9,14
richardvecsey,1
JihaoLee,0
yumening7,5
amritasaha1812,7
dourgey,6
sg-nm,1
NateThom,6
ArsenFromCrimea,0
ki-ljl,19
And1210,3
jiayi9,1
PrimadonnaGit,4
sckim0430,17
Natsagdorj-Choijilsuren,8
Conzel,5
gajdikuka,0
myxuci,11
lucky7323,119
leonoravesterbacka,8
zhaort,1
uchida-takumi,5
EnzeXu,3
DragonChen-TW,9
pd90506,10
lyl7650,11
gary109,350
nurpeiis,2
ouening,14
BaoWentz,11
Technologia-X,0
Hung-Ta-Chen,1
pradeepsk-23,0
wenleix,24
KostasTok,1
ConorLazarou,0
finnickniu,8
wzwtime,41
joshuwaifo,18
vltmedia,35
JoonyoungYi,10
yshiyi,35
zhaoyuzhi,33
m0sys,3
MacJim,8
zheyejs,1
SeanCho1996,11
chrockey,49
Joseph-Winkle,2
HyperGDX,0
nebula-beta,6
maingoc1605,5
quking,2
plok5308,0
gdelacruzfdez,3
mtiezzi,4
ErenBalatkan,8
polasha,2
zhangzihaokev,0
Alexiland,5
Etc170322,0
annadapb,1
The-RunningSnail,6
wwz58,5
Andrey885,2
1079863482,7
SunYW0108,3
QCOIN-LAB,0
3rd-Musketeer,1
cross32768,15
rythei,5
ghnreigns,15
roguh,38
junqingchang,3
jralha,2
kurudj,2
dixiyao,13
ritwikbera,2
koenry,3
mangyun,1
rohanath123,3
JJASMINE22,0
JindongJiang,4
NoyMoreno,0
obijzbo,0
nslay,2
ROCmSoftwarePlatform,0
Nakanoma,1
semin-park,16
abdulghaffaransari,0
YiPrograms,37
kirant1008,1
ChenWentai,3
oscardpedrayes,1
poppyleo,5
arnoweng,1
Nihal987,0
swt-user,4
Lorenzoncina,8
sheepover96,6
ArtyZe,8
discdetsu,1
callmewenhao,7
Mahsa13473,77
KanghoonYoon,4
cypw,40
LiliMeng,69
mindingyao,3
km-uchino,0
zhiyou720,8
TerYang,52
zukangy,3
Ravitha,21
martius-lab,0
echurch,2
freezinghands,2
Spijkervet,39
assafge,1
heathcliff233,16
JunMoLee,4
bnusss,0
foamliu,21
alex-lechner,3
PengBoXiangShang,61
Ikomia-hub,0
suilin0432,29
DARK-art108,118
G-U-N,25
FredaWerdiger,0
songyouwei,11
WBGZDTSL,0
VincLee8188,2
acholston,0
zack-yu666,4
jameschengpeng,1
dlgyy,11
enterpine,1
TobiasDing,1
ptklx,76
Chen-Junbao,0
tochilkinva,15
ayooshkathuria,10
wb014,0
yashbelhe,4
pedrob37,3
Ovikx,3
caganselim,1
ShreyDixit,15
MKowal2,9
yuquanle,68
Xiangyu-CAS,5
EgOrlukha,3
shubhamjn1,20
hayashimasa,2
arnab39,16
Manoj-Kannan,1
yangyuke001,18
Major357,36
codtiger,6
deepnetni,2
wk910930,24
Zchhh73,12
captain-pool,31
jordan-g,5
chenz97,7
mehdi-mirzapour,77
rohitvk1,0
HYU-GradProj,0
lldustc,4
emojilearning,8
YuehChuan,470
kan25d5,1
phanxuanphucnd,6
kdh0429,15
yukkyo,5
kumarvis,3
mgharbi,12
rowantseng,0
gireeshkbogu,9
changyu98,15
WeidongLi-KG,20
yzfly,14
BizhuWu,23
meder411,6
vinhkhuc,21
anuj27596,4
zmurez,9
mrGreat1110,0
qilei123,136
MINGG2333,24
rm-rf-me,5
tori22,0
tszdanger,65
YuBeomGon,3
jettify,26
NickyLam,8
mikekutzma,11
Pradip-Kathiriya,3
xolbynz,29
AnantVijaySingh,1
kenshohara,6
hei4,7
erikqu,9
phoenix-meadowlark,25
julian-8897,0
oskin1,24
AuCson,13
onlytailei,19
AmanPriyanshu,39
tpbarron,1
ddiddi,7
suraj-maniyar,1
MahdiAbdolmohammadi,12
qq751220449,6
hagerrady13,2
siddhanthaldar,19
ammar885,0
KellerJordan,16
youssefshoeb,1
Strideradu,36
beni045,2
vdecaro,0
erikreppel,14
Interesting6,24
limingcv,2
ShivaKondapalli,3
UditSinghParihar,9
w452144816,74
shivasanketh-rm,5
Wengnianbiao,1
14472506,1
CarterMcClellan,2
hrzlmx,0
zinsmatt,18
PeterKillerio,0
grantsrb,5
JoursBleu,20
github-pengge,11
MMU-VisionLab,0
alekseynp,6
AnuExMachina,0
billtubbs,14
dat3814606,8
cjwcommuny,63
tejash21,0
White1973,33
PacktPublishing,0
Haruka0522,4
Abhipanda4,4
seanywang0408,6
codes1gn,104
NitzanHod,3
soumickmj,25
yunbattle1994,2
bbidong,9
AdarshK1,12
duc-ke,4
heming-zhang,13
cainspencerm,3
ZdecydowanieNieGrzelczak,3
coldhenry,6
iShohei220,14
ssss1029,13
kacostello,0
Xingxiangrui,5
HAOLI-TUKL,4
mickymicmouse,2
ShaoXiang23,28
bhuminiecki,2
zhenming33,16
weibifan,17
data-race,12
MarkhamLee,22
developer0hye,114
Honsia,10
Cynthia-shi,24
skmhrk1209,0
Geonhee-LEE,97
andyguo666,41
huiqu18,2
kokurisann,0
BJohnBraddock,3
sssharaf,0
adaliuBC,7
kehuantiantang,18
pshlego,11
Sudhanshu1304,5
IzzyBrand,2
Jw-Jn,1
ajbrock,3
DebeshJha,62
PSCLab-ASU,0
ooooooooe,3
mlexample,0
binhnd102,7
phohenecker,1
DashankaNadeeshanDeSilva,2
BigChungusDaddy,0
romainVala,4
hsur753,6
shumaym,0
Pablo-163,1
fzp0412,0
Xiehuaiqi,9
vidursatija,14
zhsaile,3
Subhasom,15
julianstastny,13
ehsanik,8
immortal-shuan,3
erickingxu,79
Animesh-Chourey,0
hieubkvn123,14
pcmin03,7
ShawK91,5
long123524,1
ugin331,5
ccoltong1215,25
Reza-Pourrahim,0
aykutfirat,11
RorschachChen,13
fengye-lu,1
glennglennglenn,0
maxwellzh,7
xiaywang,6
HarryVolek,0
lramach,3
ricohasgithub,33
bo-10000,3
DongKeon,24
kxgong,8
HengyiWang,6
concordiaca,2
Kodamayuto2001,1
VikHerr,0
sevenzero70,2
rohitgajawada,12
masora1030,13
Swag-tb,0
sjwright90,1
rehohoho,21
EthanJYK,6
SwayambhuNathRay,1
muratonuryildirim,2
shambhavimalik,7
ChenZhouUC,2
hihiendru,8
IMAC-projects,0
thaoshibe,1
Jaela-C,1
threewisemonkeys-as,18
ainrichman,0
ElifCerenGok,4
R-Fehler,11
Time1ess,7
nikcheerla,9
SethurajS,0
HadasBabayov,0
tnakae,8
peterzhang2029,27
Uchiha-Hieu,0
Munggoose,1
guo-pu,10
KarimElshetihy,36
shreyas0906,8
espectre,5
hanzlfs,1
VisionSystemsInc,0
TheArheus,1
weiyangfb,2
skrish13,47
1587257781,71
hyeonjames,12
kenkimatsumoto,0
mrcgliu,0
rskmoi,2
HuipengXu,14
schelotto,8
Anubis7th,4
hortune,2
zoe0919,0
qarchli,14
koptelovmax,0
karoly-hars,0
lpj0,1
aiff22,1
hs366399,10
souravsingh,177
zimengq,6
milindmalshe,0
grassknoted,16
GlassyWing,26
tomguluson92,100
dailai,255
carlosdcastillo,7
nazarblch,10
JASON7033,3
chenzyhust,1
holmdk,17
phranq0,8
douhaoYaz,0
allanj,35
machiredd,0
ishine,2984
claydeman,6
Smorodov,228
fedetask,2
sebaF96,3
nicknochnack,4
kikizxd,0
etienne87,9
xiaokai11,0
bellchenx,1
SWKoreaBME,24
CalumMacLellan1995,3
Finterly,41
NSpil,0
ceisenach,3
chakam1307,0
Eureka-JTX,0
Donghwa-KIM,59
ParsonsZeng,328
huiw39,0
George0828Zhang,10
ziqi-zhang,49
evgen32cd32,0
puririshi98,19
DebasmitaGhose,17
conebot,0
b53k,2
pjdevs,6
langmanbusi,6
zwx8981,11
PouringRain,1
Knight-Antonio,0
ninfueng,27
hliangzhao,8
rplzzz,20
MayankSingal,3
SSARCandy,41
CharlesNord,61
Chronocook,4
mightydeveloper,19
dongzhuoyao,216
stephkno,2
HsiaX,5
dmkaner,1
erika1203,57
iffsid,23
martinobdl,2
Chaanks,31
AndreaCossu,15
vprayagala,2
mansikataria,13
quaziadib,17
dongwhfdyer,55
PhilippKitz,0
krishnan-meep,1
c1rew,12
shinoyuki222,8
kawori,0
terrorizer1980,4419
AdityaVashista30,3
tqlong,12
tamtzehei,14
chLFF,0
TLampr,6
AtmegaBuzz,56
huohuayuzhong,19
jillnano,9
pratyush-1,2
nxu96,6
GermanPaul12,11
shreyas-kowshik,43
RolandGao,7
Harryi0,5
Jiajun-Liu,6
millermuttu,5
GilbertoCunha,0
JuheonYi,4
rgibbonp89,0
ydon1111,6
crcastillo,1
zheng-yuwei,1
alexzhang19,0
zhulf0804,3
heojae,7
whzhangg,14
apacha,84
mcculloh213,38
pratikchhapolika,77
rayan-yu,6
VedantGhodke,3
ramsRahim,6
DetectionBLWX,0
shaoeric,29
Sebastian514,4
RayTeen,10
kevincao91,4
Chifffa,0
y0ast,2
JimLee1996,14
bugsuse,27
arvention,1
mk-michal,15
wtergan,1
cthurston-clgx,1
torch-points3d,0
DateBro,18
1058011747,0
akihironitta,38
Oops404,5
DXNNX,3
yl-1993,23
FangShuheng,1
hughian,4
bob831009,2
cxiang26,25
yingmuying,368
HuangLongji,0
ha2sd,7
g1wang,2
sowd,11
borhanreo,22
ZiJianZhao,1
marcoseraphin,3
ijinjay,14
rensutheart,5
Yaoyuanzhou,8
gplast,32
aaronespasa,5
Youngjae-Lee,2
ntlm1686,37
dongyang2,0
lgalke,41
xiuyuan0216,39
TreezzZ,14
karascr,2
vakkov,68
jungwon1413,6
mesmerx,12
voidbag,8
Kiwoo,1
Ri0S,0
naveen-hyperworks,17
ppx-hub,6
ntkhoa95,13
martinwhl,0
hefan1,60
Lkruitwagen,11
laubonghaudoi,4
abhinav-bhardwaj,10
woojoo99,0
zhangyi-3,6
ShomyLiu,26
tanreinama,1
reetc,1
LJKS,1
JasonGUTU,1
ilex-paraguariensis,6
KhalilWong,17
IanSullivan,3
torchvideo,0
chinnadhurai,22
Blue-Giant,64
daveboat,8
GeneralLi95,14
huiguoo,3
y3sar,5
chnsh,12
Movahe,19
YZJ6GitHub,6
tomdburns,0
vohoaiviet,1
gautam-sharma1,16
DavideA,3
mf1024,3
interactivetech,48
Ninoko,4
matsengrp,0
Rahul250192,0
ChiragJindal21,4
Syavaprd,6
XueJiang16,7
imkuang,3
TalentBoy2333,4
jaehyunnn,5
chun8933,3
ahnan4arch,1158
Yuuraa,12
ChunjieShan,47
bottlecapper,26
jefflai108,23
Hauf3n,0
zjcs,37
satyakrishnagorti,12
t-vi,38
ralcant,2
xiaohuihuichao,38
JammyL,5
EliasPapachristos,3
sdecoder,10
jerryyyyy708,1
aflah02,56
syys96,35
v0lta,7
wjdghks950,17
sobikaa,4
haochen23,48
Vin-Xi,22
milleniums,29
yy1401,4
chengsen,12
n0obcoder,20
dhruvvpatel,0
asdf93074,4
Jason0917,1
bekir23,0
kunjan-mhaske,9
mashagua,20
Lornatang,1
spkywood,10
KnurpsBram,5
wcl20,6
mingshaofeng,1
Sbaig3229,0
SummerHuiZhang,62
nmd-2000,0
ferpar,62
BaekKyunShin,0
linksense,0
mpalaourg,3
yawen-d,14
gilisho,7
mmedlin1997,1
ORANKWON,4
wnsgur1198,0
bsh0137,0
yjt2018,0
nmnsharma007,17
vidyadhariGithub,0
sofiacatalan,4
zsypotter,2
hkhpub,1
keapoa,22
Gvence,25
AdityaKarn,10
harimaruthachalam,9
elcolie,23
dbbbbm,7
thanhhau097,26
juderoque,6
HideOnHouse,2
