username,starredRepositories
alejands,3
wakandan,90
vivanov879,27
xChiri,0
chuliuT,34
hyungminr,4
Shrey-Viradiya,42
QAQgc,21
moaz-elesawey,23
imdsafi09,14
xinzcode,89
taowenyin,114
dalgu90,138
r4ghu,162
wangwang1125,5
SeanLee97,1594
LYoung-Hub,1
raheelqader,6
igeng,500
naiveHobo,161
Prince9403,0
mollerhoj,66
CurtesMalteser,6
anushmite,10
BUAAChuanWang,206
DerekGloudemans,32
supernotman,16
soeque1,121
wfraher,1
LeifYaoYuXiang,234
machine-perception-robotics-group,0
Rubiksman78,205
haotian-liu,106
vence-andersen,48
MIV-Group,0
billzhaox,11
jiantenggei,29
tangruofeng,18
RBirkeland,9
huangtao36,132
mabirck,336
BlackyYen,0
eran505,0
loui0620,2
Ninzore,563
Chaiyanchong,39
cs19b025iittp,1
thesuperorange,90
Awcrr,156
reddy92rosh,0
lembolov9,3
MMSS9402,3
Machine-Learning-And-AI-Projects,0
AishuaiYao,20
ArnaudFickinger,0
wormhole2019,10
Dawnstar8411,7
yaox12,163
experimenti,58
NguyenThanhAI,19
NeedC,20
Yogurt2019,44
gigantenbein,13
Glushiator,209
anexplore,277
jjgarau,4
pb2377,0
linjx-ustc1106,96
ty625911724,250
Allen2401,14
safwankdb,149
bigdatasciencegroup,0
arleigh418,93
pranavajitnair,54
jsesr,16
ashuuuriii,0
Kevin-JisuKim,0
delira-dev,0
rayankrish,1
SonOfGod777,10
rasbt,121
hsuchengmath,104
givenone,143
ElliottYan,185
hghimanshu,10
MIVRC,0
FurkanYlmz97,1
cfinlay,31
rahul-jha98,26
sihamdmostafa,30
ranjitation,10
yerimoh,4
victorist,65
Yukiyousa,178
ian-jihoonpark,20
doduythao,87
wangxianrui,49
rg321,33
nradair,0
yuxwind,262
goys94,0
1219521375,354
TheRealBaka,49
LuisEstebanAcevedoBringas,0
clovaai,0
ethandrzb,2
theidentity,6
YimingZzz,8
TodoListIOS,0
Amitahu,2
mmk-ai,0
ycjing,654
SJ-Chuang,2
SkyfengBiuBiu,18
liteworldz,0
LiYangSir,12
jbakermans,1
hamanhbui,0
Hsankesara,989
CreeperLin,169
DeepInEvil,91
lz1159435992,23
xinshuoweng,188
Averyyy,25
tedhuang96,141
goksinan,0
frozenparadox99,48
tabularasa066a,8
YooJiHyeong,3
adapa160,0
mtliba,33
otzslayer,26
Joyce94,472
nikhilbudathoki,6
yearing1017,116
devbruce,146
Rozi1,1
CS4445-JasonDykstra,0
Logan-Lin,12
Bugdragon,836
D0miH,135
oded282,0
MightyRaccoon,1
mrtunguyen,42
LiYuan199701,0
Natsu6767,136
KIMI-debug-maker,1
Fuyi-Yang,3
crane719,0
MauiDesign,0
LY-Road,7
shizhediao,694
wzg16,2
pei-hsin-chiu,13
pangkun248,6
scottjiao,31
aayushs879,16
salmanmaq,458
ISwordLion,8
cdschtz,52
s-chh,14
ZiqiChai,62
noahzn,388
pharrellyhy,450
ligerfotis,5
rolambert,102
GenoZhang624,0
Jen-Jon,0
SaralaSewwandi,0
leimao,427
aertist,244
sicong-huang,58
benlin131020,35
goldhuang,9
zhouruikun,5
XingruiWang,71
InformationRetrieval-Hongik,0
iamrishab,359
FarukFS,0
sneha0401,1
SaliencyDetection,0
cyk1337,159
Billijk,68
curaai,59
andreabassi78,14
RohauerRobotics,15
yasin624,32
abzb1,25
Marvin-desmond,7
izmailovpavel,100
ik9702,24
1zuu,0
chengkangck,52
Lan-ce-lot,220
lbz2020,7
zllrunning,1244
SMKamrulHasan,0
juni-lee,0
Kumarabhi666,0
yinizhizhu,132
kiddliao,227
leeesangwon,238
YueWenjun,56
J094,178
huwprosser,77
Hyunmok-Park,2
yqy,1
AJingshou,74
txrc,149
singularity014,2
ksadowski13,259
MVIG-SJTU,0
lucasroitman,0
SukerZ,23
jang1suh,16
9bow,1238
odegeasslbc,87
Lc-1024,23
xu3kev,547
yeeeqichen,209
Desein-Yang,255
liuyundong-2020,17
pyxploiter,32
prateekm08,19
Unicorn-acc,27
rohan1561,0
curtdissel,0
rachelpeichen,19
braveapple,394
jonnedtc,9
gagansingh894,91
zym1119,19
manhlamabc123,14
JamesWang007,4
Ruitao-chen,27
mathamp,0
rushiv0609,1
ryujaehun,410
mingman514,3
YeonwooSung,461
chlee1983,2
LewisHS,0
ShanksVision,0
dollarkillerx,1243
MMorafah,25
junzhouye,185
Sunbaoli,5
Afan227,12
DanielCoelho112,136
CestLucas,10
aeadod,147
RuurdBijlsma,31
ZengyuanYu,39
stanlee321,2381
DawnHH,60
VictoriousRaptor,222
SDU-MagicMirror,0
elliottzheng,2389
HanshuYAN,259
Sayantan17,7
vy007vikas,112
bhushan23,62
Wayho,269
Luhaozhu,12
tien02,195
jianzhangcs,39
probtorch,0
eminem171333491,41
STK101,47
lukemelas,21
AnjieCheng,642
rllelmz,0
saehan-choi,6
HiiYL,145
PPhub-hy,0
ZhichaoOuyang,54
Kitware,0
dezhili,20
Gavin0203,0
jinalharia,17
xddun,372
MohsenFayyaz89,182
ji-in,42
Nial4,42
ZhiwenShao,14
meizaguirre86,0
Chung-I,457
xiaohao-lin1,11
hrxorxm,139
leichenNUSJ,10
RajanNV,0
sarvesh211999,4
Ed-gong,1
AnnYoS,0
qwqw1314,2
itrusteyou,0
congffu,13
eqy,77
dl19940602,94
martinetoering,84
jielongzhong,0
Shenyve0101,7
iodriller,8
stoneyang159,434
dingjun6953,3
elzino,85
Joejiong,409
r4ho,0
batuhan3526,192
oshima-yoppi,15
UCI-ML-course-team,0
cc97nitu,1
clearlyCoding,0
Riretta,6
thydeyx,0
mario-rot,0
randomMatrix77,0
yyashkir,1
DongSky,1140
HiroForYou,281
jingxu10,1
shivanisrivarshini,2
Smallflyfly,45
marlondantas,22
Marwanmhks,15
qianyuqianxun-DeepLearning,47
aloomya,9
vedantbonde,2
VishalBalaji321,13
zhiyunl,43
tscianmarello,0
gongyongkang,0
ldeecke,6
589hero,24
justusschock,913
ml-illustrated,10
yururyuru00,4
waitwaitforget,762
henrypowell87,3
kogans1107,0
LeoWood,289
tomershay100,1
YangfeiLiu,69
TheInfamousWayne,0
xk-huang,551
crafter-z,18
jhlee17139,0
DeepLatte,34
MNaplesDevelopment,4
sharathmaidargi,1
DocF,210
BarCodeReader,26
Olembo,0
OniroAI,0
CAM1113,13
otenim,55
BruceJust,132
zcemycl,833
elliotbeck,0
tomron27,2
chriszhangwj,53
BenjaminAm,8
EnrcDamn,0
wadmes,9
stuartnankai,60
Kongsea,254
zhenshen-mla,26
tensorinfinitysip,0
taoyang1122,57
AIFanatic,0
johnny-walker,0
yakunpku,140
masonmsh,0
limberc,1297
RizhaoCai,55
young31,33
yjh0410,182
InvictusY,69
xvdp,4
gazeai,0
mcgoughlin,5
rileyblack,0
packyan,67
qinhaihong-red,0
Thorimus,0
Ninebell,28
yaoceyi,26
elonashatri,27
NIRVANALAN,1465
StonecutterX,271
Keiku,265
kobykotiv,121
DoganK01,393
KonroyZhu,10
zonghaofan,137
randalong,2
tristandb,12
lmiz100,0
bamasa,50
Learner0x5a,384
vujadeyoon,387
lixiangbao,5
z-bingo,176
nriteshranjan,10
yourFriendlyNeighbour,0
Bovbene,0
security-softwares,0
Mjkim88,37
m12sl,21
Optimus1072,4
Pragjnesh,0
MaxandYuki,3
AhmetFurkanDEMIR,209
qiuchili,0
stevewongv,678
tqxli,326
winston-lin-wei-cheng,0
leichtrhino,5
BenMueller1,8
kose,0
SSusantAchary,340
guolinbuaa,5
wangzhengy,15
georgeyiasemis,21
hwangtamu,56
tiruota,0
goodhamgupta,1047
fanq15,320
amirmallak,0
leognha,0
VHCC,256
mswzeus,0
pahung1999,0
NehaJSarnaik,1
sfc-computational-creativity-lab,0
IFADA,0
Samuel-Bachorik,1
Advaiit,0
mousecpn,81
cocoakang,195
nuaazs,358
wangqs97,48
jvlk,0
ahstarwab,6
ajinkya98,2
takeru1205,407
yhung119,0
OctopusLi,1
t107598066,0
summary-GodBlessYou,13
MagaliDrumare,0
rohithkumar282,0
Gerryflap,18
Premkumar7090,10
Keillion,51
Doragd,592
TTdeveloping,16
2KangHo,109
Linardos,2
yoonhero,178
JackHCC,572
gpauloski,19
YangXuanyue,262
Windxy,222
15101538237ren,97
cccshuang,5
RenaLu,0
jweig0ld,4
ymitiku,2
devonsuper,4
deoelvenmage,0
NanWuIT,79
StephenStorm,124
MatthewCaseres,196
Derpimort,15
st186,151
yangyang-nus-lv,254
AMITKESARI2000,16
Eedvard,0
zhoujx4,118
aqc112420,189
VegetablesMaster,27
Codelegant92,119
wenzhilong,1
LiuLinyun,16
qq249356520,41
2000ZRL,70
Maggiking,0
NoOneUST,258
June01,400
mohdumar644,11
lnhutnam,295
ShaoQiBNU,84
hphp777,4
maggeek,2
yusonghust,116
wutianyiRosun,798
opatrickchen,11
edwardning,6
tabVersion,235
Schwolop,22
bartonlin,1
smitheric95,76
jas-nat,26
good5dog5,34
sreenithy,75
jingjin25,30
GeniusAng,7
mrkieumy,0
hurxx018,7
brainsoft-ai,0
maheshambule,75
AtalsKim,61
Sandbox3aster,75
EderSantana,205
taniyarajani,2
tstandley,10
ArgoHA,20
simotumoz,0
BoriaK,0
suolyer,228
bioinf-mcb,0
Sunda233,35
alxfed,6
FLyingLSJ,155
KoryBurns,0
MaskedIsland,0
tfmoraes,87
satya77,14
des5ve,0
cwangjiang,0
omrahul,1
brian-you98,61
mxl1990,15
Riadh-B,0
as595,0
shimon-c,0
pengyuchen,68
jeongabae,1
rczhen,125
AiMizuno,48
mengzhu0308,0
WHDY,8
lukazaplotnik,0
201419,302
samggggflynn,112
djycn,1
laredein,0
swatisingh45,87
vdivakar,37
wizard1203,342
neetmehta,1
satolab12,199
Julia-Run,0
dsp6414,406
mohak1,4
cjearce,0
SpeedOfSpin,120
ChenKaiXuSan,14
shruti2126,7
eric-le-12,5
antihutka,2
ryanquinnnelson,6
moqi112358,62
Desa1egn,0
gicsaw,5
sechetbot,0
hz-ants,50
NaturezzZ,199
reshow,101
yuxwhkbu,0
dnlcrl,2737
aqbewtra,4
Naagar,127
songrise,216
liaomingg,5
wang678,94
wuxiaolianggit,618
vimarshc,7
ACVAE,0
Cai-Yichao,43
neuece,50
Lyken17,640
JohnNehls,52
tulacik,0
jcheunglin,26
thuyngch,686
fan-linhao,3
ChungYi347,5
bnicholl,1
salmedina,257
liucongg,316
Wayne122,4
DGenady,0
Huang-rookie,1
MoMe36,101
LizzieTang,1
nikheelpandey,48
calebl37,1
dragen1860,175
xelahalo,34
clcarwin,756
8yrce,0
smj007,464
undefinedXD,17
wangmengsd,34
mmkekic,0
zsef123,46
davidtvs,96
zhangjh915,10
VecihiAsim,0
ronithbinny,10
mimbres,156
williamSYSU,166
HsLOL,104
hankniu01,297
Normalist-K,28
bigmb,119
lyp741,86
biyoml,34
qiaosiyi,165
chaozhong2010,180
Andr1u5,0
splionar,38
Sarthak-22,31
smiler96,348
iliathesmirnov,9
yytang2012,176
Flo11,0
rahulrathnakumar,22
charliehpearce,93
Momilijaz96,105
ben-mackenzie,0
gittygupta,7
lorrywu,1
shanemankiw,585
ChawDoe,0
jiaxiang-cheng,143
shehuan,885
HuzaifaToor,0
Knight3-code,0
Spiffical,44
SomaNonaka,0
pr1266,14
Grand251,0
M-Daniyal-123,14
wilkice,414
jiajunhua,0
SyedaSakinaZaidi97,0
chuanli11,264
De4r,1
abhayraw1,54
ap229997,160
SnowIsWhite,54
yanjingke,5
aditya12agd5,1
yueqiw,361
dreamplus1989,0
amnsr17,0
tachillon,3
siyaroner,19
luninsun,11
ImKeTT,564
RimDan,12
SindiLab,0
tangshengeng,25
jkr26,12
prismspecs,31
pdefusco,22
XuLongjia,92
baroibeo,1
hiepbkhn,213
MaximumEntropy,134
adityarp9,14
andrewsunst,0
AiueoABC,56
ModelBunker,0
ali2009a,0
whywww,24
aitorzip,24
Ren-Yaqian,0
Vipermdl,426
yaoyi30,19
CODEJIN,13
SAGNIKMJR,458
jaroslaw1007,77
henie2333,3
SaiPrajwal95,34
shengteng19,0
bearbearyu1223,136
yipersevere,0
7689000,0
kaixu-zen,0
CeasonCui,5
romulus0914,64
SilentStars,9
snowflakewang,251
alantanlc,530
yoonsanghyu,2
goldenbili,0
danielkelshaw,44
sunlanchang,494
Immortals88,19
Mark-Sang,33
tuananh1007,44
zzzzzzzzzzzzz,33
KongBe1999,31
daomengkiller,3
Wredter,2
HopefulRational,2
kumar-shridhar,554
Ivanaluo,0
joeljosephjin,120
mengzhangjian,322
chengjie11,14
kooyunmo,207
minhna1112,296
NuealYoon,6
rahuldshetty,126
sgrvinod,3
andrew-bydlon,0
PoonKinWang,21
Xiangyi1996,18
Zoesxw,66
nikunjlad,21
Nebula4869,0
sung0471,1
abdxxw,3
dkp1903,500
Karthik-Ragunath,13
HopLee6,16
long95288,43
ggxxding,27
cmFighting,266
ramjv,6
vyraun,2728
KuoHaoZeng,69
clw5180,490
Aismarter,30
dayekuaipao,449
GerogeZhi,0
keyu-tian,121
thegyro,1
myay,57
UncleThree0402,33
GeoZcx,108
Xylambda,253
trieutranq,9
jiangszzzzz,28
tollymune,0
dongheehand,50
KarhouTam,149
samsungexpert,0
undertherain,26
faportillo,0
percent4,92
ml-lab,0
xz6014,35
patugosavi,1
tuladhay,22
mattresnick,0
Ugenteraan,147
HoldemGK,72
jiayongzhang,102
takmin,13
juntang-zhuang,316
CuriousCat-7,554
jrobertojunior,32
DaehanKim,481
siniphia,18
zhoudaxia233,311
SpikeKing,373
mnmjh1215,272
nin-yu,144
dalinvip,616
setyongr,155
rshormazabal,59
railiavaliullina,0
ZhangMingxin1997,0
AyadAlmamary,86
comeeasy,109
Avi197,62
amitmeel,530
NULL-2019,3
sovit-123,63
KevinChen1994,146
nikhilbarhate99,59
Silent-voice,21
JinFree,58
mingminzhen,15
kevinkbc,0
juun9714,21
SunnerLi,151
beomgonyu,0
ducminhkhoi,1102
vinesmsuic,1457
mruberry,2
apsarath,3
LvXueshuai,1
MouxiaoHuang,201
suyashjoshi,0
mklimasz,88
xiong-ml,0
SatoKeiju,5
diabhiue,35
lihsintseng,0
lienguang0624,26
GuHongyang,230
ixn872,23
adipandas,30
ElHouas,8
Teun-Schuur,12
Beitadoge,33
Dzautriet,21
HenrySchwerdt,14
iskovskikh,0
QQQQ00243,37
edwardwterry,1
krumo,152
Bigpig4396,74
mzhang367,44
huyvnphan,30
inkplatform,0
nicoyang-21,9
gathierry,12
DableUTeeF,49
HollrayChan,40
SeoLabASU,0
eugenelet,150
V-ea,38
ferisetiawan,1
nickiteks,0
sabirdvd,182
Neeti-Jain,1
Lluvia-Tang,1
branislav1991,11
yeyanan93,190
CheQiXiao,5
biditdas18,0
YOUSIKI,3177
diggerdu,4414
ihollywhy,187
AlanJacob97,0
geekyutao,370
ppva,6
BannyStone,187
meiirbek-islamov,3
johnhany,2312
hunkim,331
vvagias,45
danielliucs,1
sagnik1511,230
JimpeiYamamoto,12
jusque-a-la-fin,0
hiyouga,722
AEMARV,2
IVPLatNU,0
PhotoWolf,1
rimusa,8
js05212,27
samx97,16
pengfe2017,0
LennonLau,20
jxm6165,10
LoredCast,17
zhtjtcz,257
Michael-OvO,166
erilyth,107
wendywlh,1
muhmaz3,1
shufanwu,154
saeedahmadian,3
AlanGacihi,3
ColinKohler,5
ashawkey,1381
clvrai,0
MaximeAeva,24
AndyPhoenix9879,0
lhsheild,136
deephub-ai,0
VissageMo,51
logarithm27,1
assafshocher,4
kaiyaointel,0
JoKerDii,231
Jiangshan00001,352
Dave0x21,10
tonysy,2015
trisha025,15
kenandaoerdect,129
JasperGA,0
csjiangwm,51
aasharma90,33
dyhan0920,79
pranjal2410,52
collector-m,0
Huanghongru,172
lantgabor,37
codinglover-Noman,0
Xiaoqiqiyaya,1
HuguesTHOMAS,5
bollakarthikeya,7
zxy317,4
abhishekyana,57
gormlai,70
jama1017,314
lihao2333,151
MogicianXD,75
KaranjotSV,6
Shivali121327,2
ShawnFrost23,1
Wangt-CN,58
yuezuegu,14
kalviny,26
Mayukhdeb,297
emptysoal,20
ConnorJL,4
AleX77NP,70
abhijeetg12,59
luuuyi,418
BillSam,157
AmartyaCSB,22
FCYtheFreeman,86
TahsinPavel,8
CamiWilliams,34
daisyjack,31
liulai,15
lighTQ,66
VIPL-Audio-Visual-Speech-Understanding,0
gclausen0272,1
djosix,1126
agrechnev,0
rmehta1987,303
zzsdsgdtc,0
arielkuong,3
SeHwanYoo,9
kawhidiot,0
ndb796,190
zhuodannychen,42
Dot8Pixels,0
wilile26811249,680
shubham1810,204
holdfire,211
yingqing0317,97
Michael5467,0
Gezahiegn,0
pprp,2147
humblemat810,2
autohe,4
ANLGBOY,107
flarelink,4
kir3i,17
dribnet,310
pyaf,386
zihaog0724,31
Hoshi-masahito,0
huzi96,8
minar09,36
fatemehadadi,1
happyConan,6
myungsanglee,4
preduct0r,0
adaamm,76
weizhou-geek,22
david990917,171
pbehjatii,4
XieYuanfeng,1
nakashima-kodai,23
DesperateMaker,10
vivektyagiibm,0
leoriohope,15
koochak-mehdi,0
lingchuL,442
sadhana1058,1
filipwinzelllth,0
tewei,3
tigerneil,5039
EthanRosenthal,30
tivandic,0
Enoch-Zhang,5
skyf0cker,356
futureisatyourhand,23
jtlai0921,2
yuniktmr,9
ChenEating716,354
Tathagatd96,0
RonKbS,13
yashpansari,7
michaelfedell,38
nudibranc,1
karlosdb,2
furkancoskun,87
Yuagilvy,0
ZhZhang711,7
jewfro-cuban,13
dulayjm,77
Mystiking,6
WageningenKing,51
LongLong-Jing,488
AgnesNM,19
yifuxiong,6
quantbruce,180
Jane-123,1
chagmgang,44
AryanSarswat,4
matthewfeickert,934
krisuety,20
RyanRizzo96,33
elvisyjlin,1885
tienluongngoc,9
chenyuntc,263
GuilhemROLLAND,6
LiaoWC,63
xhzhao,21
lucabergamini,4
arynoviyanto2,0
swarnadeep8597,6
shahuzi,7
hdvvip,71
JerryJack121,6
tomelf,33
ljwa2323,31
Gaozhongpai,580
ycchen1989,1132
SWHL,2
JieChenSimon,9
uitae-kim,5
hibagus,0
as791,88
KNChiu,17
eveningdong,6
yoshua133,16
BurnhamG,0
wolverine28,6
marsolo93,0
pirunita,43
os-hxfan,20
ruihangdu,190
polyuxdq,5
Arseni1919,11
Xiaoctw,13
zhanghang1989,482
omerunlusoy,1
ZrcLeibniz,1
jhhuang96,528
xueleichen,221
cspartalis,12
frechele,76
zhengfangwu,166
abidikhairi,64
GNN2QSU,0
makifozkanoglu,21
hiroyasuakada,44
Shimwonhyung,0
jain-avi,1
galidor,22
saidalfaraby,4
Hui-Li,10
traveller59,136
w00zie,113
YWHyuk,37
digital-nomad-cheng,126
miraclewkf,38
YaddaShang,10
Keezuu,7
jaegpark,48
vnj64,8
zbxzc35,27
SiavashCS,8
yutayamazaki,259
liuslnlp,66
visbond,46
LucasVandroux,177
AmitNativ1984,3
aru31,148
chriselrod,359
boluochuile,34
SapanaChaudhary,13
grimoire,303
sumanth0892,1
fcorencoret,17
Jintao-Huang,67
jiesutd,123
plweegie,86
paulosestini,14
lt-asset,0
zhenghao977,42
youzunzhi,108
tobyshooters,2
DrTang2000,12
MoaazAbdulrahman,0
nishant1995,0
jxgu1016,138
abhilashabhilash3,0
bin-go2011,233
RuiZhang-ICT,2
keep-steady,4
aksenventwo,207
Grzetan,5
atranitell,295
nieosf,0
ahmedfadhil,6
WildCatFish,6
socar-serena,25
shaynaor,9
mlpotter,8
Shawn-Guo-CN,124
xouan,19
ZhenyueQin,0
domisProgrammingMemes,0
shuaizzZ,155
aishangcengloua,21
austindelatorre,9
Thepnathi,75
JunsukLee,11
SijmNoteboom,0
kevalmorabia97,86
nghiahhnguyen,239
Ram81,110
LiuXinyu12378,64
itmorn,8
danielzgsilva,3
BodyCSoulN,10
IdanAzuri,30
Bil369,44
mits58,87
wangjl-nju-2020,4
iArunava,84
Di-Weng,7
hisham-kottayil,1
mzamjadi,4
stabgan,267
SteinsGate9,11
ytZhang99,82
Pokemon-Huang,17
philipjball,47
AICommons,0
a7031x,0
guilhermedrud,5
shellkore,47
boringleric,16
bliunlpr,14
ashishjv1,9
Elain-q,0
MlWoo,328
MohitJuneja,21
diaomin,4
steveowk,85
SagarGuttal,6
xkiwilabs,3
evavanrooijen,3
jweir136,13
WangYuzhen1996,36
renatoviolin,7
rschwarz15,5
psu-epl,0
antonyvigouret,10
anujdutt9,503
richardvecsey,16
JihaoLee,0
yumening7,3
amritasaha1812,1
dourgey,552
sg-nm,5
NateThom,104
ArsenFromCrimea,0
ki-ljl,75
And1210,1
jiayi9,3
PrimadonnaGit,87
sckim0430,41
Natsagdorj-Choijilsuren,1
Conzel,34
gajdikuka,0
myxuci,0
lucky7323,238
leonoravesterbacka,2
zhaort,6
uchida-takumi,20
EnzeXu,14
DragonChen-TW,87
pd90506,53
lyl7650,36
gary109,62
nurpeiis,7
ouening,254
BaoWentz,74
Technologia-X,0
Hung-Ta-Chen,0
pradeepsk-23,0
wenleix,56
KostasTok,3
ConorLazarou,0
finnickniu,49
wzwtime,6
joshuwaifo,3
vltmedia,450
JoonyoungYi,154
yshiyi,1
zhaoyuzhi,501
m0sys,383
MacJim,37
zheyejs,51
SeanCho1996,19
chrockey,495
Joseph-Winkle,10
HyperGDX,4
nebula-beta,41
maingoc1605,5
quking,22
plok5308,10
gdelacruzfdez,51
mtiezzi,10
ErenBalatkan,71
polasha,1
zhangzihaokev,4
Alexiland,56
Etc170322,10
annadapb,3
The-RunningSnail,16
wwz58,13
Andrey885,1
1079863482,144
SunYW0108,83
QCOIN-LAB,0
3rd-Musketeer,29
cross32768,108
rythei,3
ghnreigns,94
roguh,554
junqingchang,106
jralha,6
kurudj,2
dixiyao,196
ritwikbera,24
koenry,0
mangyun,0
rohanath123,3
JJASMINE22,28
JindongJiang,225
NoyMoreno,0
obijzbo,0
nslay,7
ROCmSoftwarePlatform,0
Nakanoma,0
semin-park,26
abdulghaffaransari,0
YiPrograms,35
kirant1008,0
ChenWentai,3
oscardpedrayes,12
poppyleo,69
arnoweng,51
Nihal987,1
swt-user,12
Lorenzoncina,31
sheepover96,246
ArtyZe,15
discdetsu,9
callmewenhao,166
Mahsa13473,24
KanghoonYoon,118
cypw,105
LiliMeng,0
mindingyao,170
km-uchino,0
zhiyou720,6
TerYang,9
zukangy,3
Ravitha,10
martius-lab,0
echurch,0
freezinghands,7
Spijkervet,80
assafge,5
heathcliff233,133
JunMoLee,0
bnusss,0
foamliu,33
alex-lechner,218
PengBoXiangShang,298
Ikomia-hub,0
suilin0432,64
DARK-art108,208
G-U-N,519
FredaWerdiger,0
songyouwei,385
WBGZDTSL,58
VincLee8188,17
acholston,0
zack-yu666,0
jameschengpeng,10
dlgyy,5
enterpine,7
TobiasDing,2
ptklx,50
Chen-Junbao,8
tochilkinva,14
ayooshkathuria,24
wb014,260
yashbelhe,138
pedrob37,7
Ovikx,12
caganselim,23
ShreyDixit,8
MKowal2,20
yuquanle,215
Xiangyu-CAS,286
EgOrlukha,1
shubhamjn1,162
hayashimasa,20
arnab39,48
Manoj-Kannan,0
yangyuke001,110
Major357,25
codtiger,174
deepnetni,26
wk910930,114
Zchhh73,23
captain-pool,354
jordan-g,123
chenz97,253
mehdi-mirzapour,83
rohitvk1,0
HYU-GradProj,0
lldustc,1
emojilearning,60
YuehChuan,724
kan25d5,3
phanxuanphucnd,72
kdh0429,28
yukkyo,220
kumarvis,1
mgharbi,14
rowantseng,4
gireeshkbogu,536
changyu98,76
WeidongLi-KG,115
yzfly,242
BizhuWu,177
meder411,20
vinhkhuc,294
anuj27596,0
zmurez,6
mrGreat1110,1
qilei123,2
MINGG2333,141
rm-rf-me,323
tori22,208
tszdanger,89
YuBeomGon,0
jettify,228
NickyLam,6
mikekutzma,67
Pradip-Kathiriya,0
xolbynz,26
AnantVijaySingh,2
kenshohara,208
hei4,6
erikqu,35
phoenix-meadowlark,2
julian-8897,64
oskin1,629
AuCson,96
onlytailei,674
AmanPriyanshu,28
tpbarron,14
ddiddi,20
suraj-maniyar,37
MahdiAbdolmohammadi,3
qq751220449,22
hagerrady13,15
siddhanthaldar,173
ammar885,1
KellerJordan,44
youssefshoeb,0
Strideradu,150
beni045,5
vdecaro,12
erikreppel,350
Interesting6,23
limingcv,39
ShivaKondapalli,0
UditSinghParihar,90
w452144816,32
shivasanketh-rm,1
Wengnianbiao,9
14472506,0
CarterMcClellan,27
hrzlmx,0
zinsmatt,15
PeterKillerio,0
grantsrb,2
JoursBleu,24
github-pengge,11
MMU-VisionLab,0
alekseynp,8
AnuExMachina,1
billtubbs,53
dat3814606,14
cjwcommuny,1275
tejash21,0
White1973,68
PacktPublishing,0
Haruka0522,30
Abhipanda4,104
seanywang0408,168
codes1gn,25
NitzanHod,9
soumickmj,28
yunbattle1994,6
bbidong,10
AdarshK1,3
duc-ke,17
heming-zhang,23
cainspencerm,9
ZdecydowanieNieGrzelczak,240
coldhenry,5
iShohei220,18
ssss1029,33
kacostello,0
Xingxiangrui,5
HAOLI-TUKL,36
mickymicmouse,9
ShaoXiang23,232
bhuminiecki,0
zhenming33,449
weibifan,19
data-race,88
MarkhamLee,33
developer0hye,798
Honsia,8
Cynthia-shi,5
skmhrk1209,10
Geonhee-LEE,144
andyguo666,18
huiqu18,41
kokurisann,2
BJohnBraddock,14
sssharaf,0
adaliuBC,6
kehuantiantang,15
pshlego,7
Sudhanshu1304,60
IzzyBrand,3
Jw-Jn,4
ajbrock,0
DebeshJha,155
PSCLab-ASU,0
ooooooooe,20
mlexample,0
binhnd102,5
phohenecker,81
DashankaNadeeshanDeSilva,4
BigChungusDaddy,0
romainVala,5
hsur753,3
shumaym,0
Pablo-163,6
fzp0412,1
Xiehuaiqi,57
vidursatija,1185
zhsaile,183
Subhasom,0
julianstastny,8
ehsanik,16
immortal-shuan,11
erickingxu,12
Animesh-Chourey,0
hieubkvn123,53
pcmin03,5
ShawK91,6
long123524,71
ugin331,13
ccoltong1215,43
Reza-Pourrahim,1
aykutfirat,14
RorschachChen,1362
fengye-lu,10
glennglennglenn,0
maxwellzh,8
xiaywang,5
HarryVolek,104
lramach,1
ricohasgithub,46
bo-10000,29
DongKeon,92
kxgong,51
HengyiWang,126
concordiaca,54
Kodamayuto2001,90
VikHerr,0
sevenzero70,70
rohitgajawada,559
masora1030,4
Swag-tb,1
sjwright90,12
rehohoho,12
EthanJYK,8
SwayambhuNathRay,21
muratonuryildirim,0
shambhavimalik,23
ChenZhouUC,16
hihiendru,13
IMAC-projects,0
thaoshibe,116
Jaela-C,0
threewisemonkeys-as,192
ainrichman,61
ElifCerenGok,3
R-Fehler,377
Time1ess,6
nikcheerla,26
SethurajS,1
HadasBabayov,0
tnakae,216
peterzhang2029,239
Uchiha-Hieu,0
Munggoose,41
guo-pu,74
KarimElshetihy,8
shreyas0906,28
espectre,344
hanzlfs,4
VisionSystemsInc,0
TheArheus,2
weiyangfb,27
skrish13,665
1587257781,10
hyeonjames,33
kenkimatsumoto,0
mrcgliu,0
rskmoi,154
HuipengXu,230
schelotto,46
Anubis7th,1
hortune,370
zoe0919,42
qarchli,0
koptelovmax,0
karoly-hars,18
lpj0,53
aiff22,0
hs366399,1
souravsingh,4360
zimengq,157
milindmalshe,0
grassknoted,104
GlassyWing,321
tomguluson92,765
dailai,19
carlosdcastillo,15
nazarblch,0
JASON7033,12
chenzyhust,34
holmdk,93
phranq0,3
douhaoYaz,9
allanj,229
machiredd,0
ishine,602
claydeman,5
Smorodov,4467
fedetask,20
sebaF96,95
nicknochnack,4
kikizxd,21
etienne87,58
xiaokai11,1
bellchenx,96
SWKoreaBME,123
CalumMacLellan1995,1
Finterly,0
NSpil,9
ceisenach,0
chakam1307,0
Eureka-JTX,0
Donghwa-KIM,26
ParsonsZeng,425
huiw39,0
George0828Zhang,53
ziqi-zhang,490
evgen32cd32,4
puririshi98,1
DebasmitaGhose,30
conebot,0
b53k,6
pjdevs,20
langmanbusi,200
zwx8981,859
PouringRain,163
Knight-Antonio,0
ninfueng,2373
hliangzhao,51
rplzzz,185
MayankSingal,8
SSARCandy,930
CharlesNord,78
Chronocook,4
mightydeveloper,42
dongzhuoyao,1530
stephkno,15
HsiaX,31
dmkaner,13
erika1203,1
iffsid,409
martinobdl,13
Chaanks,152
AndreaCossu,91
vprayagala,0
mansikataria,9
quaziadib,3
dongwhfdyer,52
PhilippKitz,3
krishnan-meep,3
c1rew,283
shinoyuki222,47
kawori,15
terrorizer1980,9
AdityaVashista30,17
tqlong,2
tamtzehei,5
chLFF,19
TLampr,12
AtmegaBuzz,122
huohuayuzhong,68
jillnano,279
pratyush-1,4
nxu96,108
GermanPaul12,11
shreyas-kowshik,222
RolandGao,50
Harryi0,12
Jiajun-Liu,26
millermuttu,118
GilbertoCunha,49
JuheonYi,66
rgibbonp89,4
ydon1111,40
crcastillo,1
zheng-yuwei,265
alexzhang19,3
zhulf0804,121
heojae,451
whzhangg,78
apacha,147
mcculloh213,340
pratikchhapolika,126
rayan-yu,57
VedantGhodke,75
ramsRahim,13
DetectionBLWX,0
shaoeric,161
Sebastian514,43
RayTeen,0
kevincao91,8
Chifffa,11
y0ast,37
JimLee1996,496
bugsuse,246
arvention,111
mk-michal,11
wtergan,2
cthurston-clgx,7
torch-points3d,0
DateBro,776
1058011747,2
akihironitta,1186
Oops404,187
DXNNX,0
yl-1993,149
FangShuheng,33
hughian,111
bob831009,1
cxiang26,44
yingmuying,8
HuangLongji,4
ha2sd,1
g1wang,55
sowd,19
borhanreo,10
ZiJianZhao,59
marcoseraphin,2
ijinjay,92
rensutheart,3
Yaoyuanzhou,54
gplast,35
aaronespasa,90
Youngjae-Lee,0
ntlm1686,89
dongyang2,5
lgalke,408
xiuyuan0216,14
TreezzZ,66
karascr,63
vakkov,65
jungwon1413,93
mesmerx,5
voidbag,17
Kiwoo,18
Ri0S,3
naveen-hyperworks,0
ppx-hub,71
ntkhoa95,177
martinwhl,26
hefan1,46
Lkruitwagen,102
laubonghaudoi,53
abhinav-bhardwaj,38
woojoo99,0
zhangyi-3,25
ShomyLiu,144
tanreinama,2
reetc,0
LJKS,0
JasonGUTU,211
ilex-paraguariensis,4
KhalilWong,31
IanSullivan,54
torchvideo,0
chinnadhurai,16
Blue-Giant,14
daveboat,2
GeneralLi95,197
huiguoo,5
y3sar,149
chnsh,66
Movahe,38
YZJ6GitHub,12
tomdburns,11
vohoaiviet,0
gautam-sharma1,7
DavideA,14
mf1024,140
interactivetech,1846
Ninoko,47
matsengrp,0
Rahul250192,0
ChiragJindal21,0
Syavaprd,0
XueJiang16,190
imkuang,65
TalentBoy2333,66
jaehyunnn,59
chun8933,0
ahnan4arch,2539
Yuuraa,144
ChunjieShan,228
bottlecapper,0
jefflai108,710
Hauf3n,27
zjcs,8
satyakrishnagorti,90
t-vi,1
ralcant,24
xiaohuihuichao,44
JammyL,1
EliasPapachristos,70
sdecoder,0
jerryyyyy708,13
aflah02,2064
syys96,242
v0lta,253
wjdghks950,183
sobikaa,0
haochen23,45
Vin-Xi,0
milleniums,19
yy1401,7
chengsen,92
n0obcoder,10
dhruvvpatel,3
asdf93074,12
Jason0917,4
bekir23,8
kunjan-mhaske,9
mashagua,26
Lornatang,1
spkywood,93
KnurpsBram,16
wcl20,2
mingshaofeng,66
Sbaig3229,0
SummerHuiZhang,125
nmd-2000,0
ferpar,39
BaekKyunShin,19
linksense,0
mpalaourg,97
yawen-d,117
gilisho,38
mmedlin1997,1
ORANKWON,29
wnsgur1198,0
bsh0137,0
yjt2018,0
nmnsharma007,3
vidyadhariGithub,0
sofiacatalan,7
zsypotter,4
hkhpub,392
keapoa,0
Gvence,2
AdityaKarn,6
harimaruthachalam,5
elcolie,147
dbbbbm,60
thanhhau097,51
juderoque,1
HideOnHouse,3
