username,forks
jhlee17139,0.0
mlexample,1.0
AdarshK1,0.0
binhnd102,4.0
siddhanthaldar,30.0
andrew-bydlon,2.0
chagmgang,4.0
Donghwa-KIM,0.0
a7031x,0.0
lorrywu,0.0
YiPrograms,30.0
MIV-Group,0.0
FCYtheFreeman,0.0
frozenparadox99,2.0
SukerZ,0.0
foamliu,0.0
juun9714,0.0
aasharma90,0.0
NickyLam,0.0
liuyundong-2020,2.0
mmk-ai,
Yuagilvy,0.0
XieYuanfeng,0.0
ZhZhang711,4.0
coldhenry,0.0
biditdas18,19.0
kumar-shridhar,1.0
mingman514,2.0
Wayho,23.0
erilyth,0.0
LeifYaoYuXiang,21.0
hefan1,0.0
mrGreat1110,1.0
ramsRahim,30.0
xiuyuan0216,1.0
zhangyi-3,3.0
JuheonYi,3.0
cs19b025iittp,0.0
philipjball,0.0
clw5180,12.0
tabVersion,30.0
dalinvip,14.0
skyf0cker,30.0
vidursatija,0.0
wutianyiRosun,0.0
Chaiyanchong,1.0
AMITKESARI2000,0.0
chnsh,13.0
andrewsunst,0.0
hiepbkhn,30.0
satolab12,18.0
dl19940602,6.0
samggggflynn,30.0
codes1gn,26.0
JunMoLee,1.0
qarchli,0.0
JerryJack121,10.0
vivanov879,0.0
krisuety,0.0
rahuldshetty,30.0
aqc112420,0.0
ZhenyueQin,
Immortals88,0.0
laredein,8.0
rmehta1987,2.0
jrobertojunior,0.0
dulayjm,11.0
georgeyiasemis,30.0
mrtunguyen,11.0
harimaruthachalam,0.0
shubham1810,0.0
ntlm1686,19.0
Pradip-Kathiriya,1.0
rllelmz,0.0
ashishjv1,7.0
MaxandYuki,0.0
KonroyZhu,0.0
pprp,30.0
finnickniu,0.0
rohithkumar282,0.0
pranavajitnair,0.0
rgibbonp89,0.0
Hyunmok-Park,2.0
SunYW0108,2.0
jjgarau,0.0
JimLee1996,12.0
1587257781,0.0
ssss1029,0.0
JoKerDii,0.0
stoneyang159,0.0
bob831009,0.0
aitorzip,0.0
Derpimort,0.0
And1210,3.0
AnantVijaySingh,7.0
clearlyCoding,0.0
Shimwonhyung,0.0
millermuttu,10.0
Keezuu,0.0
masonmsh,0.0
FarukFS,0.0
GerogeZhi,0.0
PrimadonnaGit,7.0
wangwang1125,0.0
EnzeXu,20.0
holdfire,0.0
Jintao-Huang,30.0
hyeonjames,0.0
mzamjadi,0.0
gplast,8.0
marcoseraphin,5.0
SpeedOfSpin,5.0
guilhermedrud,0.0
1079863482,7.0
smiler96,0.0
iliathesmirnov,28.0
DaehanKim,30.0
sadhana1058,0.0
cwangjiang,0.0
reshow,1.0
machine-perception-robotics-group,30.0
tobyshooters,4.0
Chronocook,0.0
DerekGloudemans,30.0
jiaxiang-cheng,30.0
batuhan3526,15.0
conebot,0.0
km-uchino,0.0
pedrob37,12.0
souravsingh,0.0
sg-nm,0.0
thydeyx,0.0
AlanJacob97,0.0
wakandan,7.0
Bovbene,0.0
takeru1205,30.0
gdelacruzfdez,0.0
nghiahhnguyen,2.0
ShawnFrost23,0.0
victorist,11.0
SJ-Chuang,0.0
youzunzhi,12.0
R-Fehler,17.0
qiuchili,0.0
jaegpark,0.0
ljwa2323,10.0
xiaohao-lin1,0.0
humblemat810,30.0
arnoweng,0.0
ferisetiawan,0.0
muratonuryildirim,21.0
oded282,0.0
AiueoABC,3.0
t-vi,30.0
chriselrod,30.0
aeadod,5.0
nurpeiis,0.0
Thepnathi,4.0
XuLongjia,0.0
jusque-a-la-fin,0.0
sabirdvd,9.0
otzslayer,20.0
ben-mackenzie,1.0
KoryBurns,0.0
zcemycl,30.0
xelahalo,30.0
ptklx,0.0
nishant1995,0.0
Windxy,21.0
AmanPriyanshu,30.0
CheQiXiao,0.0
dourgey,22.0
meiirbek-islamov,3.0
NehaJSarnaik,0.0
sdecoder,0.0
zllrunning,1.0
crcastillo,0.0
Machine-Learning-And-AI-Projects,0.0
sckim0430,20.0
ISwordLion,0.0
ArgoHA,5.0
shinoyuki222,3.0
zhenghao977,9.0
holmdk,4.0
Codelegant92,2.0
SnowIsWhite,0.0
Samuel-Bachorik,0.0
yourFriendlyNeighbour,0.0
Tathagatd96,0.0
ShivaKondapalli,0.0
bhuminiecki,0.0
wangjl-nju-2020,0.0
MagaliDrumare,24.0
KnurpsBram,3.0
Eedvard,0.0
gajdikuka,
rskmoi,5.0
heming-zhang,30.0
naiveHobo,13.0
JoursBleu,7.0
oskin1,30.0
traveller59,0.0
Huanghongru,0.0
ymitiku,0.0
Spijkervet,2.0
bsh0137,0.0
shaynaor,0.0
Eureka-JTX,
goldenbili,0.0
Dawnstar8411,0.0
Hsankesara,30.0
SSusantAchary,30.0
Spiffical,16.0
zheyejs,2.0
tochilkinva,5.0
leichenNUSJ,2.0
IVPLatNU,0.0
Huang-rookie,0.0
RajanNV,0.0
mrcgliu,
huiguoo,0.0
vyraun,2.0
HollrayChan,4.0
tszdanger,7.0
huohuayuzhong,0.0
vltmedia,19.0
martinobdl,0.0
DateBro,8.0
mohdumar644,0.0
mathamp,20.0
salmedina,3.0
leimao,30.0
OniroAI,13.0
chlee1983,0.0
deepnetni,30.0
nikhilbarhate99,16.0
sobikaa,0.0
zzsdsgdtc,0.0
George0828Zhang,19.0
jkr26,3.0
ranjitation,0.0
limingcv,0.0
LongLong-Jing,0.0
hwangtamu,28.0
DongKeon,30.0
peterzhang2029,0.0
STK101,1.0
jsesr,2.0
Fuyi-Yang,5.0
julianstastny,0.0
Jiangshan00001,0.0
yashbelhe,6.0
bbidong,0.0
bioinf-mcb,30.0
fzp0412,0.0
logarithm27,0.0
rythei,1.0
Shawn-Guo-CN,30.0
shumaym,0.0
Sunbaoli,0.0
trisha025,0.0
oshima-yoppi,30.0
pd90506,1.0
romulus0914,0.0
CeasonCui,0.0
railiavaliullina,3.0
Optimus1072,0.0
Strideradu,0.0
n0obcoder,0.0
LiaoWC,5.0
domisProgrammingMemes,0.0
taowenyin,0.0
daomengkiller,0.0
DrTang2000,0.0
D0miH,11.0
ahmedfadhil,2.0
wuxiaolianggit,6.0
ethandrzb,30.0
r4ho,0.0
AleX77NP,6.0
rileyblack,0.0
Sebastian514,0.0
Nebula4869,0.0
trieutranq,0.0
z-bingo,0.0
mgharbi,3.0
Shenyve0101,0.0
tomdburns,3.0
nikhilbudathoki,0.0
Chifffa,0.0
Riretta,0.0
Ram81,30.0
zhiyou720,0.0
codinglover-Noman,0.0
TTdeveloping,0.0
jaehyunnn,2.0
woojoo99,
haotian-liu,30.0
Gavin0203,0.0
givenone,2.0
goldhuang,1.0
otenim,30.0
jtlai0921,0.0
keyu-tian,30.0
dnlcrl,30.0
EgOrlukha,0.0
dyhan0920,3.0
ppx-hub,24.0
cthurston-clgx,0.0
Sayantan17,0.0
mohak1,7.0
leoriohope,0.0
jralha,0.0
charliehpearce,8.0
MohitJuneja,1.0
ruihangdu,0.0
filipwinzelllth,
emptysoal,30.0
Haruka0522,7.0
as595,30.0
elvisyjlin,30.0
Lc-1024,1.0
djosix,12.0
eugenelet,0.0
LiuLinyun,0.0
Ruitao-chen,8.0
hamanhbui,30.0
yutayamazaki,2.0
ZhiwenShao,18.0
PeterKillerio,
SaralaSewwandi,0.0
chrockey,30.0
undertherain,30.0
bo-10000,0.0
qq249356520,0.0
Hauf3n,6.0
schelotto,0.0
Honsia,1.0
weibifan,0.0
MVIG-SJTU,30.0
CreeperLin,3.0
elonashatri,6.0
allanj,30.0
geekyutao,11.0
dreamplus1989,0.0
whzhangg,1.0
jingxu10,30.0
fcorencoret,0.0
langmanbusi,11.0
WHDY,6.0
dailai,13.0
diabhiue,0.0
nxu96,5.0
Momilijaz96,9.0
ParsonsZeng,0.0
zhtjtcz,30.0
tanreinama,0.0
joeljosephjin,30.0
mcgoughlin,30.0
sicong-huang,0.0
xiong-ml,0.0
Ugenteraan,30.0
CharlesNord,2.0
Time1ess,0.0
bnusss,30.0
Yaoyuanzhou,0.0
3rd-Musketeer,6.0
hanzlfs,30.0
itrusteyou,0.0
torchvideo,1.0
Reza-Pourrahim,0.0
Wredter,6.0
hayashimasa,0.0
amritasaha1812,0.0
deoelvenmage,0.0
benlin131020,0.0
alejands,30.0
SSARCandy,30.0
dkp1903,5.0
LeoWood,4.0
BenjaminAm,0.0
splionar,2.0
xiaohuihuichao,0.0
zihaog0724,10.0
zhoudaxia233,8.0
jinalharia,0.0
HanshuYAN,30.0
stuartnankai,0.0
chenz97,7.0
ghnreigns,0.0
doduythao,19.0
mnmjh1215,2.0
inkplatform,0.0
HuzaifaToor,0.0
ammar885,0.0
daisyjack,1.0
xvdp,30.0
Xylambda,13.0
AgnesNM,23.0
w00zie,0.0
arynoviyanto2,0.0
ceisenach,1.0
ligerfotis,6.0
UditSinghParihar,3.0
shambhavimalik,0.0
Amitahu,0.0
yingqing0317,18.0
beni045,0.0
BlackyYen,
BodyCSoulN,0.0
Nial4,0.0
williamSYSU,0.0
rolambert,0.0
mabirck,0.0
yakunpku,30.0
shahuzi,1.0
nudibranc,0.0
jeongabae,30.0
makifozkanoglu,2.0
discdetsu,3.0
zukangy,15.0
V-ea,0.0
alantanlc,16.0
yhung119,0.0
saeedahmadian,0.0
zmurez,0.0
rplzzz,0.0
PhilippKitz,0.0
jiayongzhang,0.0
aqbewtra,0.0
AishuaiYao,0.0
kir3i,0.0
zhiyunl,5.0
mf1024,0.0
Awcrr,0.0
saidalfaraby,0.0
amnsr17,0.0
yifuxiong,0.0
delira-dev,2.0
Gezahiegn,15.0
opatrickchen,0.0
eran505,0.0
elliotbeck,1.0
ytZhang99,0.0
HoldemGK,9.0
MINGG2333,6.0
Natsagdorj-Choijilsuren,0.0
tristandb,1.0
tomron27,0.0
14472506,30.0
Maggiking,
NULL-2019,0.0
hibagus,30.0
aishangcengloua,0.0
rayankrish,1.0
supernotman,0.0
phanxuanphucnd,30.0
VishalBalaji321,0.0
jiangszzzzz,21.0
SpikeKing,5.0
ryanquinnnelson,0.0
HideOnHouse,0.0
iffsid,0.0
danielzgsilva,0.0
Naagar,13.0
theidentity,5.0
probtorch,3.0
yashpansari,19.0
clcarwin,30.0
tonysy,30.0
Gvence,1.0
hunkim,30.0
Kevin-JisuKim,1.0
shufanwu,2.0
Wengnianbiao,0.0
AtalsKim,0.0
Ninzore,30.0
ashawkey,30.0
yshiyi,0.0
sagnik1511,5.0
jama1017,30.0
iArunava,5.0
RyanRizzo96,0.0
mcculloh213,21.0
Kumarabhi666,0.0
wolverine28,8.0
pyxploiter,7.0
cxiang26,0.0
BoriaK,16.0
mattresnick,0.0
ralcant,0.0
HiiYL,2.0
rohanath123,2.0
zhuodannychen,4.0
Olembo,0.0
SWKoreaBME,4.0
aayushs879,0.0
nebula-beta,1.0
EderSantana,0.0
Desa1egn,0.0
guolinbuaa,0.0
ZdecydowanieNieGrzelczak,0.0
leeesangwon,23.0
Jw-Jn,0.0
collector-m,9.0
dongwhfdyer,8.0
AdityaVashista30,0.0
AndyPhoenix9879,
mklimasz,8.0
dongyang2,0.0
Munggoose,0.0
tienluongngoc,0.0
SeanCho1996,6.0
kevinkbc,0.0
cccshuang,0.0
bartonlin,0.0
2000ZRL,30.0
MouxiaoHuang,9.0
clvrai,30.0
stephkno,30.0
tiruota,0.0
Xiaoqiqiyaya,0.0
Animesh-Chourey,0.0
zhenming33,25.0
gpauloski,30.0
kawhidiot,
G-U-N,30.0
DoganK01,30.0
De4r,0.0
EthanJYK,0.0
ycchen1989,17.0
rshormazabal,0.0
HuguesTHOMAS,6.0
MauiDesign,30.0
poppyleo,5.0
yuniktmr,0.0
vedantbonde,0.0
Sbaig3229,0.0
SkyfengBiuBiu,0.0
LuisEstebanAcevedoBringas,30.0
jianzhangcs,0.0
yangyang-nus-lv,5.0
wilkice,3.0
undefinedXD,0.0
erickingxu,0.0
TalentBoy2333,1.0
MayankSingal,0.0
gagansingh894,11.0
LvXueshuai,0.0
ORANKWON,0.0
yingmuying,2.0
des5ve,0.0
hphp777,0.0
Joejiong,2.0
jerryyyyy708,19.0
akihironitta,30.0
wfraher,0.0
yjt2018,0.0
yanjingke,2.0
KanghoonYoon,28.0
yusonghust,
Pragjnesh,0.0
SteinsGate9,0.0
Manoj-Kannan,0.0
zsypotter,0.0
wnsgur1198,0.0
HyperGDX,30.0
VikHerr,0.0
jillnano,0.0
chaozhong2010,2.0
cyk1337,30.0
iodriller,0.0
WBGZDTSL,4.0
UncleThree0402,2.0
EnrcDamn,5.0
JinFree,20.0
myay,0.0
jewfro-cuban,0.0
Thorimus,0.0
gicsaw,0.0
KellerJordan,30.0
elcolie,8.0
ShomyLiu,7.0
plweegie,11.0
ElliottYan,27.0
JackHCC,24.0
zbxzc35,0.0
polyuxdq,0.0
NateThom,17.0
pshlego,30.0
diaomin,0.0
YaddaShang,0.0
WildCatFish,30.0
cmFighting,0.0
johnhany,5.0
1219521375,0.0
karoly-hars,0.0
nradair,0.0
rohan1561,4.0
NguyenThanhAI,0.0
Lorenzoncina,0.0
Nihal987,1.0
julian-8897,30.0
VIPL-Audio-Visual-Speech-Understanding,12.0
ishine,30.0
FLyingLSJ,1.0
lyp741,17.0
grassknoted,6.0
phoenix-meadowlark,4.0
HengyiWang,23.0
vvagias,0.0
Gaozhongpai,30.0
iShohei220,13.0
hei4,0.0
cocoakang,7.0
NitzanHod,0.0
SDU-MagicMirror,0.0
taoyang1122,22.0
nikheelpandey,0.0
Yuuraa,5.0
leonoravesterbacka,0.0
Doragd,30.0
yururyuru00,0.0
yoshua133,7.0
aertist,0.0
dingjun6953,30.0
devonsuper,2.0
cc97nitu,1.0
percent4,30.0
GuHongyang,0.0
abhishekyana,0.0
mindingyao,0.0
Jaela-C,0.0
mits58,0.0
paulosestini,10.0
huiw39,0.0
Dot8Pixels,30.0
DragonChen-TW,23.0
AnuExMachina,4.0
201419,1.0
Ravitha,0.0
Kodamayuto2001,4.0
y3sar,5.0
meder411,0.0
jain-avi,0.0
ErenBalatkan,27.0
LJKS,0.0
Keiku,4.0
maxwellzh,6.0
zsef123,0.0
cdschtz,0.0
bottlecapper,0.0
nikunjlad,13.0
henrypowell87,0.0
DebeshJha,30.0
Xiangyu-CAS,10.0
KuoHaoZeng,12.0
Andrey885,1.0
InvictusY,0.0
DeepInEvil,3.0
brian-you98,0.0
xddun,30.0
Geonhee-LEE,10.0
tamtzehei,0.0
June01,11.0
BenMueller1,30.0
kalviny,0.0
karlosdb,0.0
c1rew,13.0
ChiragJindal21,0.0
ritwikbera,0.0
dongzhuoyao,30.0
dalgu90,2.0
xkiwilabs,0.0
shimon-c,0.0
r4ghu,5.0
ArsenFromCrimea,30.0
michaelfedell,30.0
Grand251,0.0
patugosavi,0.0
JihaoLee,
CalumMacLellan1995,0.0
plok5308,0.0
yinizhizhu,0.0
abdxxw,0.0
abzb1,22.0
chenyuntc,6.0
Knight-Antonio,0.0
wang678,4.0
sneha0401,5.0
TodoListIOS,0.0
callmewenhao,30.0
Chen-Junbao,7.0
pr1266,0.0
simotumoz,0.0
NanWuIT,0.0
nmd-2000,
edwardwterry,1.0
HarryVolek,8.0
grimoire,30.0
dixiyao,30.0
arvention,14.0
TheRealBaka,0.0
TreezzZ,30.0
RenaLu,30.0
Xiaoctw,0.0
SyedaSakinaZaidi97,0.0
takmin,0.0
Gerryflap,16.0
liucongg,30.0
Silent-voice,0.0
Conzel,2.0
phohenecker,2.0
aiff22,3.0
yl-1993,6.0
wendywlh,0.0
setyongr,4.0
mrkieumy,0.0
heojae,3.0
ggxxding,30.0
myxuci,3.0
puririshi98,30.0
JohnNehls,30.0
kooyunmo,30.0
terrorizer1980,30.0
sevenzero70,6.0
jas-nat,0.0
Sandbox3aster,0.0
hyungminr,0.0
suilin0432,8.0
TheInfamousWayne,0.0
GilbertoCunha,10.0
LYoung-Hub,0.0
pb2377,1.0
krumo,6.0
mikekutzma,1.0
Teun-Schuur,0.0
luuuyi,1.0
miraclewkf,1.0
jhhuang96,9.0
wjdghks950,30.0
Luhaozhu,8.0
curaai,7.0
RBirkeland,0.0
lgalke,30.0
immortal-shuan,0.0
martinetoering,29.0
omerunlusoy,0.0
quaziadib,12.0
xhzhao,0.0
yukkyo,0.0
evgen32cd32,17.0
good5dog5,0.0
YangfeiLiu,3.0
ShaoXiang23,1.0
voidbag,0.0
VecihiAsim,0.0
yuezuegu,1.0
KaranjotSV,0.0
Mjkim88,0.0
chengjie11,0.0
safwankdb,0.0
15101538237ren,25.0
koenry,0.0
AnnYoS,0.0
Mystiking,0.0
Jane-123,0.0
jiajunhua,0.0
SeoLabASU,4.0
LY-Road,0.0
dsp6414,8.0
JamesWang007,6.0
jingjin25,0.0
dayekuaipao,5.0
zhouruikun,2.0
vimarshc,2.0
tomershay100,0.0
amitmeel,12.0
MightyRaccoon,0.0
lighTQ,0.0
os-hxfan,6.0
KongBe1999,16.0
JammyL,7.0
swarnadeep8597,5.0
HAOLI-TUKL,0.0
Chung-I,4.0
DableUTeeF,12.0
shuaizzZ,0.0
Vipermdl,30.0
hz-ants,2.0
tigerneil,30.0
jweig0ld,0.0
kirant1008,0.0
lmiz100,0.0
matsengrp,30.0
IdanAzuri,0.0
hihiendru,0.0
s-chh,10.0
mario-rot,
aditya12agd5,0.0
mruberry,0.0
vohoaiviet,0.0
VictoriousRaptor,30.0
vy007vikas,0.0
ducminhkhoi,0.0
hkhpub,20.0
1058011747,0.0
liaomingg,2.0
tnakae,6.0
ajbrock,0.0
tscianmarello,0.0
sarvesh211999,0.0
Linardos,4.0
lihsintseng,0.0
kxgong,11.0
XueJiang16,30.0
weizhou-geek,30.0
experimenti,0.0
thanhhau097,2.0
CestLucas,0.0
meizaguirre86,0.0
mashagua,15.0
justusschock,30.0
jiantenggei,0.0
cjwcommuny,30.0
rschwarz15,0.0
AndreaCossu,30.0
hdvvip,6.0
marlondantas,0.0
AIFanatic,6.0
evavanrooijen,2.0
zhanghang1989,8.0
tstandley,1.0
VissageMo,4.0
AlanGacihi,6.0
Smorodov,30.0
ntkhoa95,9.0
kdh0429,28.0
zhenshen-mla,3.0
RorschachChen,30.0
tien02,23.0
yy1401,0.0
YuBeomGon,0.0
dragen1860,30.0
bearbearyu1223,30.0
m0sys,10.0
IanSullivan,20.0
atranitell,3.0
mengzhangjian,6.0
Joyce94,30.0
swt-user,3.0
psu-epl,30.0
imkuang,2.0
lz1159435992,29.0
nicoyang-21,10.0
adityarp9,0.0
JieChenSimon,11.0
douhaoYaz,0.0
YimingZzz,0.0
ChenWentai,0.0
GlassyWing,21.0
Jiajun-Liu,1.0
yzfly,30.0
zoe0919,9.0
sgrvinod,30.0
shaoeric,17.0
youssefshoeb,0.0
gireeshkbogu,2.0
lucasroitman,
Jen-Jon,
y0ast,0.0
austindelatorre,0.0
BUAAChuanWang,19.0
qilei123,17.0
yuquanle,2.0
ChenKaiXuSan,9.0
eric-le-12,1.0
wizard1203,17.0
hieubkvn123,30.0
sofiacatalan,0.0
FurkanYlmz97,0.0
naveen-hyperworks,0.0
loui0620,0.0
RayTeen,0.0
rahul-jha98,3.0
KostasTok,0.0
masora1030,5.0
yqy,0.0
prismspecs,8.0
xinzcode,0.0
Prince9403,11.0
AdityaKarn,0.0
Hung-Ta-Chen,16.0
ZrcLeibniz,0.0
nicknochnack,7.0
ahnan4arch,30.0
tfmoraes,30.0
yearing1017,0.0
uchida-takumi,0.0
machiredd,0.0
BurnhamG,0.0
wenleix,6.0
ConorLazarou,
seanywang0408,5.0
kevalmorabia97,0.0
InformationRetrieval-Hongik,0.0
duc-ke,0.0
tomguluson92,30.0
skrish13,12.0
zhaoyuzhi,28.0
ROCmSoftwarePlatform,30.0
SindiLab,10.0
tqxli,30.0
kevincao91,0.0
suraj-maniyar,1.0
Dzautriet,0.0
nuaazs,30.0
ricohasgithub,26.0
Lluvia-Tang,0.0
shruti2126,30.0
JunsukLee,0.0
whywww,2.0
zxy317,0.0
xz6014,2.0
thaoshibe,28.0
NSpil,0.0
junzhouye,0.0
KarhouTam,30.0
Rozi1,6.0
guo-pu,8.0
st186,1.0
yangyuke001,14.0
ConnorJL,0.0
shivasanketh-rm,0.0
BannyStone,27.0
DesperateMaker,0.0
baroibeo,0.0
laubonghaudoi,30.0
ndb796,4.0
YooJiHyeong,0.0
zhoujx4,1.0
tangshengeng,12.0
Anubis7th,0.0
AEMARV,0.0
moaz-elesawey,2.0
limberc,30.0
danielliucs,1.0
gclausen0272,0.0
Sunda233,0.0
BaekKyunShin,0.0
nickiteks,0.0
LiliMeng,0.0
SethurajS,0.0
stanlee321,29.0
Karthik-Ragunath,30.0
cjearce,0.0
johnny-walker,0.0
SaliencyDetection,1.0
KhalilWong,3.0
nikcheerla,2.0
maingoc1605,0.0
PPhub-hy,2.0
lt-asset,0.0
zhangzihaokev,0.0
vprayagala,2.0
Mayukhdeb,30.0
jefflai108,8.0
Premkumar7090,7.0
bin-go2011,0.0
tulacik,0.0
mingminzhen,0.0
alex-lechner,20.0
Desein-Yang,0.0
juderoque,0.0
tangruofeng,1.0
2KangHo,2.0
gongyongkang,0.0
lantgabor,0.0
ZiJianZhao,0.0
smitheric95,1.0
ModelBunker,7.0
SomaNonaka,0.0
Cynthia-shi,6.0
ki-ljl,8.0
deephub-ai,2.0
DashankaNadeeshanDeSilva,0.0
rasbt,30.0
8yrce,0.0
krishnan-meep,5.0
SunnerLi,1.0
ainrichman,2.0
mickymicmouse,0.0
anushmite,0.0
biyoml,0.0
wangmengsd,0.0
ap229997,2.0
ashuuuriii,0.0
ahstarwab,1.0
JASON7033,1.0
Arseni1919,30.0
qinhaihong-red,0.0
MaskedIsland,0.0
Natsu6767,0.0
Advaiit,0.0
Xingxiangrui,22.0
saehan-choi,0.0
Pablo-163,1.0
huiqu18,0.0
LucasVandroux,1.0
Wangt-CN,19.0
zhengfangwu,14.0
Youngjae-Lee,0.0
diggerdu,30.0
daveboat,0.0
jbakermans,0.0
thesuperorange,4.0
ihollywhy,20.0
jaroslaw1007,8.0
shreyas-kowshik,8.0
SeanLee97,30.0
HsLOL,21.0
data-race,3.0
ydon1111,30.0
zinsmatt,30.0
TahsinPavel,2.0
jameschengpeng,0.0
gautam-sharma1,30.0
jcheunglin,0.0
CAM1113,0.0
romainVala,9.0
tuananh1007,1.0
apacha,30.0
AnjieCheng,9.0
NIRVANALAN,30.0
tqlong,9.0
Allen2401,1.0
jonnedtc,0.0
ayooshkathuria,0.0
Nakanoma,0.0
kaiyaointel,
hankniu01,14.0
soeque1,1.0
ChenEating716,13.0
wtergan,0.0
dollarkillerx,26.0
haochen23,8.0
mehdi-mirzapour,14.0
CODEJIN,7.0
IzzyBrand,0.0
b53k,16.0
GeoZcx,5.0
Julia-Run,
alekseynp,0.0
HadasBabayov,0.0
songyouwei,30.0
MahdiAbdolmohammadi,0.0
shengteng19,0.0
quantbruce,26.0
ArtyZe,0.0
djycn,0.0
summary-GodBlessYou,0.0
chun8933,2.0
ZengyuanYu,0.0
lixiangbao,0.0
WageningenKing,0.0
ShanksVision,0.0
frechele,6.0
SiavashCS,0.0
VegetablesMaster,0.0
GuilhemROLLAND,0.0
pengfe2017,0.0
HuipengXu,24.0
lembolov9,1.0
winston-lin-wei-cheng,4.0
YOUSIKI,30.0
abdulghaffaransari,13.0
fan-linhao,0.0
MMorafah,12.0
Hoshi-masahito,0.0
tewei,0.0
ACVAE,1.0
chenzyhust,22.0
wcl20,0.0
Ivanaluo,
anexplore,13.0
lukazaplotnik,0.0
ImKeTT,30.0
eqy,30.0
ArnaudFickinger,0.0
ryujaehun,2.0
kehuantiantang,3.0
GNN2QSU,0.0
jiesutd,7.0
abhijeetg12,0.0
MMSS9402,10.0
v0lta,30.0
security-softwares,
rm-rf-me,16.0
Xiehuaiqi,0.0
itmorn,9.0
MNaplesDevelopment,0.0
Xiangyi1996,21.0
mollerhoj,0.0
ZiqiChai,0.0
kaixu-zen,
mesmerx,28.0
yueqiw,3.0
xinshuoweng,9.0
Rubiksman78,30.0
fengye-lu,0.0
SWHL,30.0
Interesting6,1.0
qq751220449,0.0
sjwright90,9.0
yoonsanghyu,0.0
mangyun,0.0
IFADA,0.0
MatthewCaseres,30.0
goksinan,0.0
ml-lab,11.0
jungwon1413,0.0
zym1119,0.0
bigdatasciencegroup,0.0
FangShuheng,9.0
mmkekic,0.0
ChungYi347,5.0
rohitvk1,
wangqs97,0.0
lienguang0624,0.0
mzhang367,0.0
juni-lee,0.0
AmitNativ1984,30.0
Knight3-code,0.0
hiroyasuakada,18.0
wilile26811249,0.0
jettify,0.0
cainspencerm,5.0
mxl1990,0.0
lramach,0.0
mlpotter,30.0
pranjal2410,0.0
fedetask,0.0
YeonwooSung,30.0
xiaywang,1.0
Finterly,30.0
codtiger,4.0
etienne87,0.0
dmkaner,0.0
TLampr,30.0
digital-nomad-cheng,30.0
ali2009a,0.0
bellchenx,5.0
ANLGBOY,7.0
kan25d5,10.0
torch-points3d,30.0
ilex-paraguariensis,0.0
david990917,2.0
emojilearning,0.0
Alexiland,7.0
Lyken17,30.0
arnab39,1.0
AyadAlmamary,0.0
BizhuWu,16.0
ouening,12.0
TerYang,0.0
jvlk,0.0
lihao2333,9.0
soumickmj,23.0
ZhangMingxin1997,
cspartalis,1.0
sihamdmostafa,0.0
phranq0,1.0
long123524,9.0
zhulf0804,13.0
shanemankiw,30.0
Sarthak-22,4.0
Hui-Li,12.0
ugin331,4.0
obijzbo,30.0
kikizxd,0.0
AICommons,0.0
minar09,30.0
comeeasy,30.0
FredaWerdiger,30.0
vdivakar,0.0
EliasPapachristos,0.0
erika1203,0.0
zhangjh915,0.0
Glushiator,9.0
gilisho,1.0
StonecutterX,17.0
DeepLatte,2.0
OctopusLi,0.0
sumanth0892,0.0
siniphia,0.0
dhruvvpatel,0.0
wwz58,0.0
erikqu,2.0
zhsaile,26.0
liulai,0.0
maheshambule,0.0
Ninoko,0.0
Flo11,0.0
yaox12,30.0
wzg16,0.0
Unicorn-acc,1.0
izmailovpavel,0.0
ninfueng,30.0
lukemelas,4.0
sfc-computational-creativity-lab,4.0
Joseph-Winkle,0.0
leognha,0.0
arielkuong,0.0
CamiWilliams,0.0
packyan,30.0
M-Daniyal-123,6.0
CurtesMalteser,30.0
ian-jihoonpark,11.0
bamasa,0.0
pengyuchen,0.0
bollakarthikeya,23.0
ehsanik,0.0
qianyuqianxun-DeepLearning,0.0
pbehjatii,1.0
tuladhay,0.0
BigChungusDaddy,7.0
mpalaourg,2.0
Oops404,11.0
grantsrb,30.0
alxfed,30.0
jang1suh,6.0
rowantseng,0.0
echurch,5.0
pharrellyhy,13.0
kumarvis,0.0
Andr1u5,0.0
cross32768,0.0
elzino,1.0
DebasmitaGhose,0.0
crane719,0.0
hsuchengmath,0.0
mingshaofeng,0.0
Michael-OvO,8.0
github-pengge,0.0
pyaf,4.0
captain-pool,30.0
MKowal2,30.0
randomMatrix77,0.0
suyashjoshi,0.0
Bigpig4396,3.0
Di-Weng,2.0
AtmegaBuzz,30.0
JasonGUTU,30.0
flarelink,0.0
PoonKinWang,0.0
lbz2020,10.0
MoaazAbdulrahman,5.0
kurudj,0.0
AiMizuno,0.0
MohsenFayyaz89,4.0
koochak-mehdi,0.0
visbond,1.0
dlgyy,0.0
fatemehadadi,0.0
VincLee8188,1.0
rg321,30.0
joshuwaifo,1.0
GeniusAng,0.0
chinnadhurai,0.0
billzhaox,0.0
huangtao36,16.0
ShaoQiBNU,5.0
wb014,30.0
MMU-VisionLab,0.0
Shrey-Viradiya,4.0
tpbarron,1.0
aaronespasa,30.0
mk-michal,1.0
rayan-yu,18.0
keapoa,0.0
Shivali121327,0.0
589hero,1.0
manhlamabc123,30.0
Avi197,1.0
devbruce,10.0
agrechnev,5.0
LoredCast,0.0
kenshohara,0.0
VHCC,1.0
long95288,0.0
neuece,0.0
Cai-Yichao,0.0
tivandic,0.0
MIVRC,21.0
dongheehand,0.0
tabularasa066a,0.0
rushiv0609,0.0
KevinChen1994,30.0
hisham-kottayil,0.0
Blue-Giant,30.0
hs366399,0.0
zack-yu666,0.0
Ed-gong,0.0
ajinkya98,1.0
elliottzheng,30.0
AhmetFurkanDEMIR,5.0
hliangzhao,10.0
happyConan,0.0
AuCson,4.0
pradeepsk-23,0.0
VisionSystemsInc,30.0
wormhole2019,0.0
DanielCoelho112,30.0
Kongsea,15.0
t107598066,0.0
XingruiWang,30.0
smj007,0.0
espectre,4.0
DGenady,7.0
SilentStars,4.0
KNChiu,0.0
Averyyy,1.0
xouan,0.0
chriszhangwj,0.0
AJingshou,7.0
MoMe36,0.0
freezinghands,1.0
JasperGA,0.0
Harryi0,0.0
songrise,10.0
sunlanchang,6.0
HuangLongji,0.0
qwqw1314,0.0
lucky7323,30.0
SonOfGod777,0.0
semin-park,2.0
ChawDoe,0.0
igeng,30.0
Normalist-K,3.0
zjcs,20.0
JindongJiang,24.0
LiuXinyu12378,0.0
mansikataria,0.0
imdsafi09,12.0
LennonLau,0.0
Grzetan,30.0
cfinlay,0.0
sssharaf,0.0
uitae-kim,0.0
RonKbS,21.0
samsungexpert,0.0
andyguo666,0.0
yytang2012,7.0
snowflakewang,30.0
PacktPublishing,30.0
jweir136,5.0
Swag-tb,0.0
lyl7650,12.0
gormlai,6.0
Beitadoge,2.0
milleniums,0.0
spkywood,3.0
suolyer,9.0
beomgonyu,0.0
ronithbinny,0.0
yeyanan93,30.0
linksense,7.0
mtliba,18.0
lhsheild,1.0
swatisingh45,0.0
alexzhang19,0.0
Ovikx,30.0
ShawK91,0.0
YuehChuan,30.0
KIMI-debug-maker,0.0
gathierry,1.0
singularity014,0.0
cypw,0.0
developer0hye,30.0
rczhen,29.0
tejash21,0.0
antonyvigouret,0.0
SijmNoteboom,0.0
chuliuT,0.0
zheng-yuwei,5.0
NeedC,0.0
Lkruitwagen,30.0
martius-lab,30.0
autohe,0.0
adaamm,4.0
scottjiao,10.0
dezhili,0.0
kobykotiv,19.0
The-RunningSnail,0.0
wenzhilong,0.0
LiYangSir,5.0
ksadowski13,3.0
ha2sd,0.0
shehuan,3.0
satya77,10.0
yasin624,4.0
ShreyDixit,30.0
xiaokai11,0.0
boringleric,3.0
pratikchhapolika,2.0
moqi112358,1.0
CuriousCat-7,2.0
fanq15,4.0
abhinav-bhardwaj,3.0
yumening7,0.0
yeeeqichen,14.0
pei-hsin-chiu,0.0
hagerrady13,1.0
satyakrishnagorti,11.0
Elain-q,0.0
NoyMoreno,0.0
Etc170322,0.0
Riadh-B,0.0
ldeecke,0.0
tollymune,0.0
BarCodeReader,8.0
Ninebell,6.0
SummerHuiZhang,0.0
ZhichaoOuyang,14.0
annadapb,0.0
LewisHS,0.0
sreenithy,0.0
huzi96,22.0
StephenStorm,0.0
clovaai,30.0
matthewfeickert,30.0
w452144816,0.0
nslay,4.0
rimusa,29.0
tedhuang96,20.0
Kitware,30.0
g1wang,4.0
reetc,0.0
GeneralLi95,0.0
richardvecsey,16.0
furkancoskun,0.0
apsarath,0.0
nmnsharma007,3.0
edwardning,1.0
Kiwoo,0.0
RuiZhang-ICT,0.0
DocF,4.0
eminem171333491,8.0
preduct0r,0.0
BJohnBraddock,5.0
weiyangfb,0.0
gazeai,1.0
koptelovmax,3.0
siyaroner,0.0
LizzieTang,0.0
zwx8981,30.0
Major357,1.0
bliunlpr,0.0
nieosf,0.0
Mark-Sang,0.0
SaiPrajwal95,1.0
Syavaprd,1.0
luninsun,0.0
ycjing,30.0
yoonhero,30.0
MarkhamLee,30.0
hortune,4.0
m12sl,0.0
odegeasslbc,2.0
Aismarter,0.0
yunbattle1994,0.0
BillSam,4.0
neetmehta,1.0
kenandaoerdect,0.0
rohitgajawada,0.0
MaximeAeva,0.0
hghimanshu,0.0
HopefulRational,2.0
wk910930,0.0
vivektyagiibm,0.0
thegyro,0.0
RuurdBijlsma,30.0
PhotoWolf,0.0
zonghaofan,1.0
sebaF96,2.0
Zoesxw,0.0
kacostello,0.0
tachillon,0.0
SapanaChaudhary,13.0
Marvin-desmond,6.0
Smallflyfly,12.0
enterpine,1.0
pratyush-1,10.0
goodhamgupta,30.0
kunjan-mhaske,0.0
renatoviolin,0.0
asdf93074,0.0
bhushan23,30.0
yaoyi30,0.0
HiroForYou,10.0
vence-andersen,13.0
pahung1999,0.0
reddy92rosh,1.0
kiddliao,0.0
Enoch-Zhang,0.0
marsolo93,0.0
davidtvs,30.0
erikreppel,8.0
threewisemonkeys-as,5.0
lpj0,3.0
txrc,2.0
Bugdragon,0.0
rahulrathnakumar,10.0
SeHwanYoo,20.0
henie2333,0.0
MogicianXD,20.0
ixn872,0.0
Pokemon-Huang,0.0
gary109,30.0
SAGNIKMJR,19.0
MaximumEntropy,1.0
tensorinfinitysip,0.0
interactivetech,30.0
Wayne122,0.0
ElHouas,1.0
Ren-Yaqian,0.0
abhayraw1,0.0
caganselim,0.0
shivanisrivarshini,0.0
chuanli11,22.0
zzzzzzzzzzzzz,2.0
hrzlmx,
yuxwind,30.0
RohauerRobotics,3.0
dribnet,5.0
yaoceyi,0.0
Chaanks,30.0
YZJ6GitHub,1.0
bugsuse,7.0
KarimElshetihy,0.0
RolandGao,5.0
kokurisann,0.0
yyashkir,0.0
kawori,0.0
concordiaca,0.0
IMAC-projects,2.0
junqingchang,0.0
LiYuan199701,0.0
White1973,30.0
mmedlin1997,0.0
carlosdcastillo,0.0
wzwtime,23.0
aykutfirat,0.0
roguh,30.0
JimpeiYamamoto,4.0
brainsoft-ai,0.0
minhna1112,30.0
taniyarajani,0.0
Neeti-Jain,0.0
TheArheus,30.0
huyvnphan,0.0
lldustc,0.0
samx97,0.0
YWHyuk,8.0
MlWoo,9.0
jxm6165,0.0
mengzhu0308,0.0
ty625911724,18.0
aksenventwo,12.0
curtdissel,0.0
hiyouga,30.0
chakam1307,
calebl37,0.0
Keillion,30.0
GermanPaul12,30.0
xueleichen,6.0
eveningdong,21.0
vinhkhuc,2.0
faportillo,0.0
nakashima-kodai,0.0
arleigh418,12.0
claydeman,0.0
ColinKohler,30.0
xk-huang,30.0
ziqi-zhang,30.0
zhaort,0.0
anujdutt9,30.0
UCI-ML-course-team,1.0
HYU-GradProj,0.0
wadmes,19.0
YueWenjun,0.0
shizhediao,30.0
chengkangck,0.0
Subhasom,0.0
qiaosiyi,11.0
juntang-zhuang,25.0
skmhrk1209,2.0
MacJim,0.0
Ri0S,1.0
lnhutnam,30.0
ccoltong1215,21.0
liuslnlp,0.0
muhmaz3,0.0
Rahul250192,0.0
Billijk,0.0
onlytailei,0.0
borhanreo,0.0
sowd,6.0
braveapple,6.0
karascr,0.0
adaliuBC,0.0
oscardpedrayes,0.0
jordan-g,2.0
Jason0917,0.0
xolbynz,11.0
HsiaX,2.0
mimbres,30.0
NoOneUST,5.0
syys96,0.0
ml-illustrated,0.0
pdefusco,30.0
WeidongLi-KG,0.0
jielongzhong,
Lornatang,30.0
prateekm08,0.0
Sudhanshu1304,0.0
SMKamrulHasan,0.0
heathcliff233,5.0
thuyngch,12.0
aloomya,8.0
linjx-ustc1106,2.0
tori22,0.0
mswzeus,0.0
wangzhengy,5.0
vdecaro,1.0
pcmin03,5.0
myungsanglee,0.0
aflah02,30.0
pangkun248,0.0
hrxorxm,0.0
DavideA,1.0
PSCLab-ASU,7.0
huwprosser,30.0
pirunita,1.0
bnicholl,0.0
milindmalshe,0.0
rachelpeichen,11.0
antihutka,13.0
GenoZhang624,0.0
vidyadhariGithub,0.0
ooooooooe,0.0
RizhaoCai,1.0
mtiezzi,3.0
salmanmaq,11.0
YangXuanyue,0.0
noahzn,30.0
TobiasDing,0.0
leichtrhino,0.0
randalong,0.0
sheepover96,3.0
js05212,7.0
zimengq,0.0
Ikomia-hub,30.0
amirmallak,0.0
gittygupta,0.0
gigantenbein,4.0
keep-steady,0.0
kose,11.0
mousecpn,25.0
shellkore,0.0
hurxx018,0.0
dbbbbm,2.0
Mahsa13473,0.0
SwayambhuNathRay,0.0
vnj64,30.0
NaturezzZ,30.0
yjh0410,30.0
adapa160,0.0
SatoKeiju,0.0
kenkimatsumoto,0.0
stabgan,30.0
shubhamjn1,0.0
Michael5467,0.0
HenrySchwerdt,30.0
1zuu,
yipersevere,
sung0471,1.0
maggeek,0.0
yerimoh,30.0
adipandas,4.0
hughian,0.0
omrahul,0.0
martinwhl,3.0
BruceJust,5.0
ramjv,0.0
congffu,20.0
Vin-Xi,0.0
vujadeyoon,17.0
Lan-ce-lot,30.0
steveowk,4.0
DetectionBLWX,0.0
QCOIN-LAB,0.0
nriteshranjan,1.0
Abhipanda4,0.0
Marwanmhks,0.0
chengsen,0.0
aru31,1.0
sechetbot,0.0
ppva,1.0
EthanRosenthal,30.0
xu3kev,23.0
bekir23,1.0
anuj27596,17.0
Bil369,0.0
BaoWentz,1.0
DXNNX,0.0
waitwaitforget,30.0
csjiangwm,0.0
assafshocher,0.0
nin-yu,10.0
AryanSarswat,6.0
young31,0.0
SagarGuttal,0.0
Yukiyousa,6.0
DawnHH,3.0
ijinjay,2.0
ChunjieShan,0.0
ferpar,30.0
vakkov,0.0
andreabassi78,2.0
JJASMINE22,6.0
AmartyaCSB,2.0
Technologia-X,0.0
raheelqader,3.0
ik9702,1.0
socar-serena,0.0
lingchuL,30.0
Yogurt2019,2.0
chLFF,0.0
yawen-d,6.0
shreyas0906,2.0
NuealYoon,0.0
Dave0x21,0.0
WangYuzhen1996,5.0
Uchiha-Hieu,0.0
jxgu1016,8.0
Logan-Lin,30.0
iamrishab,2.0
9bow,30.0
QAQgc,0.0
HopLee6,29.0
danielkelshaw,27.0
stevewongv,15.0
RimDan,0.0
changyu98,0.0
rensutheart,0.0
Zchhh73,0.0
Afan227,2.0
as791,0.0
sharathmaidargi,0.0
ElifCerenGok,9.0
Schwolop,0.0
DongSky,30.0
quking,0.0
abhilashabhilash3,0.0
QQQQ00243,6.0
branislav1991,2.0
DARK-art108,4.0
JoonyoungYi,0.0
CS4445-JasonDykstra,0.0
glennglennglenn,0.0
CarterMcClellan,30.0
galidor,0.0
J094,6.0
rehohoho,1.0
pjdevs,12.0
sovit-123,30.0
nazarblch,7.0
polasha,0.0
bigmb,30.0
assafge,0.0
futureisatyourhand,5.0
hsur753,0.0
jiayi9,0.0
abidikhairi,30.0
iskovskikh,30.0
wangxianrui,0.0
xChiri,0.0
VedantGhodke,2.0
yuxwhkbu,
mightydeveloper,0.0
crafter-z,6.0
boluochuile,0.0
liteworldz,1.0
Movahe,9.0
ji-in,0.0
dat3814606,0.0
billtubbs,30.0
kogans1107,0.0
tomelf,0.0
7689000,0.0
PouringRain,2.0
goys94,0.0
PengBoXiangShang,14.0
vinesmsuic,30.0
acholston,0.0
ChenZhouUC,13.0
ddiddi,3.0
Learner0x5a,30.0
lucabergamini,19.0
