username,totalStarsReceived
alejands,1
wakandan,21
vivanov879,188
xChiri,0
chuliuT,1379
hyungminr,4
Shrey-Viradiya,35
QAQgc,1
moaz-elesawey,20
imdsafi09,9
xinzcode,16
taowenyin,54
dalgu90,1122
r4ghu,379
wangwang1125,19
SeanLee97,2465
LYoung-Hub,3
raheelqader,2
igeng,17
naiveHobo,4710
Prince9403,0
mollerhoj,224
CurtesMalteser,3
anushmite,0
BUAAChuanWang,3
DerekGloudemans,77
supernotman,412
soeque1,1416
wfraher,3
LeifYaoYuXiang,9
machine-perception-robotics-group,0
Rubiksman78,274
haotian-liu,21997
vence-andersen,5
MIV-Group,0
billzhaox,7
jiantenggei,65
tangruofeng,0
RBirkeland,112
huangtao36,13
mabirck,80
BlackyYen,0
eran505,2
loui0620,2
Ninzore,2788
Chaiyanchong,1
cs19b025iittp,0
thesuperorange,12
Awcrr,251
reddy92rosh,0
lembolov9,1
MMSS9402,2
Machine-Learning-And-AI-Projects,0
AishuaiYao,7
ArnaudFickinger,231
wormhole2019,3
Dawnstar8411,14
yaox12,13117
experimenti,3
NguyenThanhAI,2
NeedC,1
Yogurt2019,3
gigantenbein,26
Glushiator,2
anexplore,164
jjgarau,33
pb2377,10
linjx-ustc1106,299
ty625911724,119
Allen2401,1
safwankdb,287
bigdatasciencegroup,0
arleigh418,225
pranavajitnair,38
jsesr,2
ashuuuriii,0
Kevin-JisuKim,3
delira-dev,0
rayankrish,37
SonOfGod777,26
rasbt,118729
hsuchengmath,28
givenone,45
ElliottYan,40
hghimanshu,1
MIVRC,0
FurkanYlmz97,9
cfinlay,150
rahul-jha98,645
sihamdmostafa,25
ranjitation,9
yerimoh,19
victorist,9
Yukiyousa,16
ian-jihoonpark,13
doduythao,0
wangxianrui,9
rg321,9
nradair,0
yuxwind,66
goys94,0
1219521375,36
TheRealBaka,1
LuisEstebanAcevedoBringas,85
clovaai,0
ethandrzb,5
theidentity,42
YimingZzz,0
TodoListIOS,0
Amitahu,1
mmk-ai,0
ycjing,1838
SJ-Chuang,0
SkyfengBiuBiu,56
liteworldz,0
LiYangSir,633
jbakermans,162
hamanhbui,39
Hsankesara,615
CreeperLin,46
DeepInEvil,274
lz1159435992,3
xinshuoweng,2511
Averyyy,9
tedhuang96,162
goksinan,0
frozenparadox99,13
tabularasa066a,2
YooJiHyeong,110
adapa160,0
mtliba,159
otzslayer,29
Joyce94,336
nikhilbudathoki,2
yearing1017,499
devbruce,75
Rozi1,0
CS4445-JasonDykstra,0
Logan-Lin,448
Bugdragon,95
D0miH,2505
oded282,1
MightyRaccoon,0
mrtunguyen,9
LiYuan199701,9
Natsu6767,689
KIMI-debug-maker,1
Fuyi-Yang,7
crane719,0
MauiDesign,4
LY-Road,28
shizhediao,4402
wzg16,7
pei-hsin-chiu,0
pangkun248,21
scottjiao,42
aayushs879,28
salmanmaq,46
ISwordLion,6
cdschtz,29
s-chh,100
ZiqiChai,90
noahzn,545
pharrellyhy,3
ligerfotis,25
rolambert,2
GenoZhang624,0
Jen-Jon,0
SaralaSewwandi,0
leimao,2357
aertist,62
sicong-huang,9
benlin131020,4
goldhuang,85
zhouruikun,4
XingruiWang,192
InformationRetrieval-Hongik,0
iamrishab,65
FarukFS,6
sneha0401,2
SaliencyDetection,0
cyk1337,106
Billijk,14
curaai,38
andreabassi78,78
RohauerRobotics,6
yasin624,42
abzb1,2
Marvin-desmond,4
izmailovpavel,4382
ik9702,0
1zuu,0
chengkangck,405
Lan-ce-lot,190
lbz2020,7
zllrunning,5829
SMKamrulHasan,5
juni-lee,0
Kumarabhi666,0
yinizhizhu,129
kiddliao,114
leeesangwon,290
YueWenjun,4
J094,81
huwprosser,161
Hyunmok-Park,3
yqy,4
AJingshou,11
txrc,108
singularity014,33
ksadowski13,16
MVIG-SJTU,0
lucasroitman,0
SukerZ,82
jang1suh,1
9bow,402
odegeasslbc,823
Lc-1024,0
xu3kev,545
yeeeqichen,811
Desein-Yang,34
liuyundong-2020,0
pyxploiter,236
prateekm08,53
Unicorn-acc,5
rohan1561,3
curtdissel,0
rachelpeichen,11
braveapple,33
jonnedtc,108
gagansingh894,4
zym1119,194
manhlamabc123,3
JamesWang007,3
Ruitao-chen,22
mathamp,2
rushiv0609,2
ryujaehun,420
mingman514,0
YeonwooSung,190
chlee1983,0
LewisHS,0
ShanksVision,0
dollarkillerx,484
MMorafah,164
junzhouye,2
Sunbaoli,49
Afan227,3
DanielCoelho112,273
CestLucas,9
aeadod,17
RuurdBijlsma,327
ZengyuanYu,38
stanlee321,75
DawnHH,22
VictoriousRaptor,4
SDU-MagicMirror,0
elliottzheng,18086
HanshuYAN,2100
Sayantan17,7
vy007vikas,418
bhushan23,2042
Wayho,5
Luhaozhu,0
tien02,54
jianzhangcs,806
probtorch,0
eminem171333491,12
STK101,1
lukemelas,11468
AnjieCheng,754
rllelmz,0
saehan-choi,5
HiiYL,125
PPhub-hy,10
ZhichaoOuyang,30
Kitware,0
dezhili,1
Gavin0203,5
jinalharia,6
xddun,9
MohsenFayyaz89,348
ji-in,6
Nial4,2
ZhiwenShao,313
meizaguirre86,1
Chung-I,317
xiaohao-lin1,1
hrxorxm,10
leichenNUSJ,10
RajanNV,0
sarvesh211999,18
Ed-gong,4
AnnYoS,4
qwqw1314,2
itrusteyou,0
congffu,2168
eqy,78775
dl19940602,133
martinetoering,46
jielongzhong,0
Shenyve0101,2
iodriller,5
stoneyang159,4
dingjun6953,3
elzino,19
Joejiong,389
r4ho,1
batuhan3526,92
oshima-yoppi,2
UCI-ML-course-team,0
cc97nitu,0
clearlyCoding,1
Riretta,20
thydeyx,1
mario-rot,0
randomMatrix77,1
yyashkir,6
DongSky,184
HiroForYou,36
jingxu10,77594
shivanisrivarshini,1
Smallflyfly,43
marlondantas,4
Marwanmhks,4
qianyuqianxun-DeepLearning,115
aloomya,10
vedantbonde,5
VishalBalaji321,17
zhiyunl,17
tscianmarello,1
gongyongkang,0
ldeecke,547
589hero,13
justusschock,706
ml-illustrated,47
yururyuru00,24
waitwaitforget,114
henrypowell87,11
kogans1107,1
LeoWood,72
tomershay100,27
YangfeiLiu,3
TheInfamousWayne,262
xk-huang,599
crafter-z,1
jhlee17139,3
DeepLatte,144
MNaplesDevelopment,10
sharathmaidargi,0
DocF,526
BarCodeReader,96
Olembo,1
OniroAI,0
CAM1113,2
otenim,498
BruceJust,51
zcemycl,418
elliotbeck,19
tomron27,8
chriszhangwj,4
BenjaminAm,0
EnrcDamn,19
wadmes,206
stuartnankai,7
Kongsea,154
zhenshen-mla,147
tensorinfinitysip,0
taoyang1122,630
AIFanatic,108
johnny-walker,6
yakunpku,0
masonmsh,14
limberc,364
RizhaoCai,643
young31,16
yjh0410,1807
InvictusY,1
xvdp,20
gazeai,0
mcgoughlin,10
rileyblack,4
packyan,221
qinhaihong-red,12
Thorimus,0
Ninebell,104
yaoceyi,4
elonashatri,7
NIRVANALAN,259
StonecutterX,0
Keiku,158
kobykotiv,21
DoganK01,237
KonroyZhu,15
zonghaofan,180
randalong,2
tristandb,74
lmiz100,12
bamasa,47
Learner0x5a,103
vujadeyoon,96
lixiangbao,0
z-bingo,1085
nriteshranjan,15
yourFriendlyNeighbour,0
Bovbene,5
security-softwares,0
Mjkim88,103
m12sl,319
Optimus1072,14
Pragjnesh,0
MaxandYuki,3
AhmetFurkanDEMIR,1606
qiuchili,176
stevewongv,602
tqxli,285
winston-lin-wei-cheng,41
leichtrhino,19
BenMueller1,3
kose,3
SSusantAchary,45
guolinbuaa,1
wangzhengy,5
georgeyiasemis,100
hwangtamu,22
tiruota,2
goodhamgupta,178
fanq15,1312
amirmallak,1
leognha,4
VHCC,17
mswzeus,0
pahung1999,2
NehaJSarnaik,2
sfc-computational-creativity-lab,0
IFADA,0
Samuel-Bachorik,17
Advaiit,1
mousecpn,271
cocoakang,36
nuaazs,445
wangqs97,0
jvlk,1
ahstarwab,16
ajinkya98,31
takeru1205,14
yhung119,0
OctopusLi,40
t107598066,0
summary-GodBlessYou,2
MagaliDrumare,79
rohithkumar282,2
Gerryflap,31
Premkumar7090,8
Keillion,169
Doragd,4119
TTdeveloping,21
2KangHo,68
Linardos,140
yoonhero,104
JackHCC,1389
gpauloski,175
YangXuanyue,66
Windxy,63
15101538237ren,6
cccshuang,38
RenaLu,0
jweig0ld,2
ymitiku,50
devonsuper,0
deoelvenmage,3
NanWuIT,0
StephenStorm,4
MatthewCaseres,149
Derpimort,32
st186,61
yangyang-nus-lv,0
AMITKESARI2000,19
Eedvard,0
zhoujx4,667
aqc112420,4
VegetablesMaster,6
Codelegant92,51
wenzhilong,0
LiuLinyun,39
qq249356520,0
2000ZRL,204
Maggiking,0
NoOneUST,262
June01,55
mohdumar644,47
lnhutnam,55
ShaoQiBNU,673
hphp777,4
maggeek,3
yusonghust,133
wutianyiRosun,10573
opatrickchen,0
edwardning,69
tabVersion,40
Schwolop,11
bartonlin,151
smitheric95,24
jas-nat,32
good5dog5,5
sreenithy,54
jingjin25,103
GeniusAng,22
mrkieumy,37
hurxx018,19
brainsoft-ai,0
maheshambule,2
AtalsKim,0
Sandbox3aster,248
EderSantana,1469
taniyarajani,6
tstandley,369
ArgoHA,19
simotumoz,1
BoriaK,1
suolyer,236
bioinf-mcb,0
Sunda233,0
alxfed,3
FLyingLSJ,223
KoryBurns,4
MaskedIsland,0
tfmoraes,682
satya77,227
des5ve,0
cwangjiang,2
omrahul,0
brian-you98,0
mxl1990,293
Riadh-B,1
as595,92
shimon-c,0
pengyuchen,30
jeongabae,3
rczhen,10
AiMizuno,1
mengzhu0308,28
WHDY,236
lukazaplotnik,4
201419,136
samggggflynn,194
djycn,19
laredein,3
swatisingh45,4
vdivakar,86
wizard1203,123
neetmehta,11
satolab12,34
Julia-Run,0
dsp6414,43
mohak1,99
cjearce,0
SpeedOfSpin,0
ChenKaiXuSan,26
shruti2126,7
eric-le-12,8
antihutka,25
ryanquinnnelson,19
moqi112358,9
Desa1egn,0
gicsaw,39
sechetbot,1
hz-ants,129
NaturezzZ,3289
reshow,209
yuxwhkbu,0
dnlcrl,336
aqbewtra,6
Naagar,32
songrise,456
liaomingg,55
wang678,4
wuxiaolianggit,24
vimarshc,15
ACVAE,0
Cai-Yichao,164
neuece,9
Lyken17,11709
JohnNehls,1
tulacik,1
jcheunglin,31
thuyngch,876
fan-linhao,1
ChungYi347,136
bnicholl,0
salmedina,99
liucongg,8131
Wayne122,3
DGenady,0
Huang-rookie,0
MoMe36,168
LizzieTang,7
nikheelpandey,22
calebl37,5
dragen1860,26649
xelahalo,25
clcarwin,2494
8yrce,2
smj007,93
undefinedXD,55
wangmengsd,145
mmkekic,7
zsef123,849
davidtvs,1305
zhangjh915,9
VecihiAsim,1
ronithbinny,12
mimbres,230
williamSYSU,928
HsLOL,169
hankniu01,21
Normalist-K,4
bigmb,1827
lyp741,38
biyoml,48
qiaosiyi,166
chaozhong2010,298
Andr1u5,8
splionar,80
Sarthak-22,13
smiler96,165
iliathesmirnov,63
yytang2012,6
Flo11,0
rahulrathnakumar,1
charliehpearce,2
Momilijaz96,50
ben-mackenzie,1
gittygupta,11
lorrywu,0
shanemankiw,109
ChawDoe,168
jiaxiang-cheng,385
shehuan,4323
HuzaifaToor,2
Knight3-code,0
Spiffical,13
SomaNonaka,69
pr1266,35
Grand251,0
M-Daniyal-123,8
wilkice,0
jiajunhua,2535
SyedaSakinaZaidi97,0
chuanli11,1247
De4r,0
abhayraw1,25
ap229997,1257
SnowIsWhite,9
yanjingke,31
aditya12agd5,233
yueqiw,78
dreamplus1989,0
amnsr17,0
tachillon,9
siyaroner,2
luninsun,2
ImKeTT,287
RimDan,4
SindiLab,0
tangshengeng,19
jkr26,2273
prismspecs,185
pdefusco,38
XuLongjia,8
baroibeo,3
hiepbkhn,6
MaximumEntropy,2193
adityarp9,4
andrewsunst,1
AiueoABC,19
ModelBunker,0
ali2009a,1
whywww,56
aitorzip,2870
Ren-Yaqian,2
Vipermdl,248
yaoyi30,117
CODEJIN,649
SAGNIKMJR,69
jaroslaw1007,42
henie2333,0
SaiPrajwal95,26
shengteng19,0
bearbearyu1223,142
yipersevere,0
7689000,0
kaixu-zen,0
CeasonCui,4
romulus0914,256
SilentStars,13
snowflakewang,1
alantanlc,52
yoonsanghyu,119
goldenbili,5
danielkelshaw,68
sunlanchang,75
Immortals88,22
Mark-Sang,34
tuananh1007,49
zzzzzzzzzzzzz,7
KongBe1999,5
daomengkiller,3
Wredter,2
HopefulRational,32
kumar-shridhar,2019
Ivanaluo,0
joeljosephjin,17
mengzhangjian,10
chengjie11,0
kooyunmo,101
minhna1112,161
NuealYoon,3
rahuldshetty,228
sgrvinod,8397
andrew-bydlon,0
PoonKinWang,0
Xiangyi1996,188
Zoesxw,1
nikunjlad,16
Nebula4869,282
sung0471,9
abdxxw,39
dkp1903,210
Karthik-Ragunath,11
HopLee6,171
long95288,15
ggxxding,5
cmFighting,123
ramjv,6
vyraun,503
KuoHaoZeng,385
clw5180,109
Aismarter,29
dayekuaipao,17
GerogeZhi,0
keyu-tian,3988
thegyro,142
myay,26
UncleThree0402,10
GeoZcx,203
Xylambda,34
trieutranq,2
jiangszzzzz,2
tollymune,3
dongheehand,263
KarhouTam,566
samsungexpert,0
undertherain,136
faportillo,3
percent4,2277
ml-lab,0
xz6014,37
patugosavi,12
tuladhay,72
mattresnick,0
Ugenteraan,336
HoldemGK,6
jiayongzhang,2
takmin,815
juntang-zhuang,1756
CuriousCat-7,64
jrobertojunior,16
DaehanKim,405
siniphia,6
zhoudaxia233,271
SpikeKing,4265
mnmjh1215,53
nin-yu,17
dalinvip,6470
setyongr,47
rshormazabal,11
railiavaliullina,2
ZhangMingxin1997,0
AyadAlmamary,27
comeeasy,26
Avi197,14
amitmeel,2
NULL-2019,0
sovit-123,1360
KevinChen1994,62
nikhilbarhate99,2216
Silent-voice,43
JinFree,28
mingminzhen,26
kevinkbc,2
juun9714,1
SunnerLi,312
beomgonyu,0
ducminhkhoi,160
vinesmsuic,602
mruberry,78603
apsarath,227
LvXueshuai,0
MouxiaoHuang,40
suyashjoshi,0
mklimasz,177
xiong-ml,0
SatoKeiju,2
diabhiue,0
lihsintseng,5
lienguang0624,0
GuHongyang,186
ixn872,8
adipandas,861
ElHouas,0
Teun-Schuur,3
Beitadoge,0
Dzautriet,6
HenrySchwerdt,7
iskovskikh,1
QQQQ00243,5
edwardwterry,1
krumo,766
Bigpig4396,791
mzhang367,58
huyvnphan,626
inkplatform,1
nicoyang-21,5
gathierry,358
DableUTeeF,22
HollrayChan,6
SeoLabASU,0
eugenelet,330
V-ea,2
ferisetiawan,0
nickiteks,3
sabirdvd,24
Neeti-Jain,0
Lluvia-Tang,10
branislav1991,71
yeyanan93,5
CheQiXiao,1
biditdas18,0
YOUSIKI,61
diggerdu,4180
ihollywhy,145
AlanJacob97,0
geekyutao,6580
ppva,7
BannyStone,169
meiirbek-islamov,41
johnhany,298
hunkim,19545
vvagias,7
danielliucs,313
sagnik1511,329
JimpeiYamamoto,4
jusque-a-la-fin,0
hiyouga,21634
AEMARV,3
IVPLatNU,23
PhotoWolf,0
rimusa,10
js05212,928
samx97,0
pengfe2017,0
LennonLau,1
jxm6165,11
LoredCast,90
zhtjtcz,276
Michael-OvO,498
erilyth,654
wendywlh,0
muhmaz3,1
shufanwu,49
saeedahmadian,5
AlanGacihi,0
ColinKohler,130
ashawkey,25878
clvrai,0
MaximeAeva,7
AndyPhoenix9879,0
lhsheild,4
deephub-ai,0
VissageMo,0
logarithm27,2
assafshocher,1230
kaiyaointel,0
JoKerDii,25
Jiangshan00001,85
Dave0x21,9
tonysy,26808
trisha025,20
kenandaoerdect,65
JasperGA,4
csjiangwm,15
aasharma90,410
dyhan0920,901
pranjal2410,9
collector-m,0
Huanghongru,44
lantgabor,26
codinglover-Noman,3
Xiaoqiqiyaya,4
HuguesTHOMAS,1657
bollakarthikeya,20
zxy317,3
abhishekyana,51
gormlai,13
jama1017,156
lihao2333,95
MogicianXD,94
KaranjotSV,2
Shivali121327,13
ShawnFrost23,1
Wangt-CN,1915
yuezuegu,22
kalviny,237
Mayukhdeb,551
emptysoal,145
ConnorJL,9588
AleX77NP,78
abhijeetg12,6
luuuyi,1603
BillSam,4
AmartyaCSB,1
FCYtheFreeman,17
TahsinPavel,1
CamiWilliams,910
daisyjack,7
liulai,12
lighTQ,7
VIPL-Audio-Visual-Speech-Understanding,0
gclausen0272,4
djosix,244
agrechnev,156
rmehta1987,3
zzsdsgdtc,2
arielkuong,3
SeHwanYoo,3
kawhidiot,0
ndb796,5340
zhuodannychen,24
Dot8Pixels,1
wilile26811249,483
shubham1810,185
holdfire,11
yingqing0317,3
Michael5467,0
Gezahiegn,0
pprp,7438
humblemat810,6
autohe,1
ANLGBOY,250
flarelink,19
kir3i,6
dribnet,1808
pyaf,872
zihaog0724,14
Hoshi-masahito,0
huzi96,307
minar09,2451
fatemehadadi,2
happyConan,6
myungsanglee,3
preduct0r,0
adaamm,4
weizhou-geek,537
david990917,104
pbehjatii,43
XieYuanfeng,0
nakashima-kodai,201
DesperateMaker,0
vivektyagiibm,2
leoriohope,2
koochak-mehdi,3
lingchuL,20
sadhana1058,0
filipwinzelllth,0
tewei,14
tigerneil,2501
EthanRosenthal,1108
tivandic,0
Enoch-Zhang,0
skyf0cker,116
futureisatyourhand,24
jtlai0921,21
yuniktmr,11
ChenEating716,61
Tathagatd96,43
RonKbS,6
yashpansari,27
michaelfedell,42
nudibranc,0
karlosdb,1
furkancoskun,6
Yuagilvy,301
ZhZhang711,1340
jewfro-cuban,4
dulayjm,5
Mystiking,31
WageningenKing,1
LongLong-Jing,95
AgnesNM,4
yifuxiong,1
quantbruce,29
Jane-123,0
chagmgang,726
AryanSarswat,5
matthewfeickert,4005
krisuety,12
RyanRizzo96,20
elvisyjlin,995
tienluongngoc,110
chenyuntc,18463
GuilhemROLLAND,3
LiaoWC,6
xhzhao,47
lucabergamini,335
arynoviyanto2,0
swarnadeep8597,0
shahuzi,0
hdvvip,193
JerryJack121,28
tomelf,14
ljwa2323,11
Gaozhongpai,52
ycchen1989,152
SWHL,5638
JieChenSimon,14
uitae-kim,1
hibagus,58
as791,193
KNChiu,2
eveningdong,327
yoshua133,13
BurnhamG,11
wolverine28,3
marsolo93,1
pirunita,10
os-hxfan,231
ruihangdu,127
polyuxdq,8
Arseni1919,37
Xiaoctw,9
zhanghang1989,9065
omerunlusoy,1
ZrcLeibniz,1
jhhuang96,361
xueleichen,199
cspartalis,6
frechele,774
zhengfangwu,15
abidikhairi,2
GNN2QSU,0
makifozkanoglu,33
hiroyasuakada,94
Shimwonhyung,0
jain-avi,5
galidor,49
saidalfaraby,4
Hui-Li,245
traveller59,3678
w00zie,39
YWHyuk,17
digital-nomad-cheng,280
miraclewkf,1193
YaddaShang,1
Keezuu,1
jaegpark,9
vnj64,14
zbxzc35,32
SiavashCS,19
yutayamazaki,14
liuslnlp,1220
visbond,1
LucasVandroux,1887
AmitNativ1984,3
aru31,73
chriselrod,2742
boluochuile,0
SapanaChaudhary,66
grimoire,12097
sumanth0892,3
fcorencoret,71
Jintao-Huang,7124
jiesutd,5324
plweegie,7
paulosestini,16
lt-asset,0
zhenghao977,695
youzunzhi,22
tobyshooters,121
DrTang2000,218
MoaazAbdulrahman,0
nishant1995,3
jxgu1016,678
abhilashabhilash3,0
bin-go2011,5
RuiZhang-ICT,2
keep-steady,75
aksenventwo,0
Grzetan,16
atranitell,16
nieosf,0
ahmedfadhil,14
WildCatFish,26
socar-serena,0
shaynaor,10
mlpotter,574
Shawn-Guo-CN,72
xouan,14
ZhenyueQin,0
domisProgrammingMemes,0
shuaizzZ,37
aishangcengloua,13
austindelatorre,6
Thepnathi,13
JunsukLee,2
SijmNoteboom,1
kevalmorabia97,324
nghiahhnguyen,70
Ram81,1954
LiuXinyu12378,84
itmorn,53
danielzgsilva,112
BodyCSoulN,4
IdanAzuri,24
Bil369,268
mits58,7
wangjl-nju-2020,1
iArunava,979
Di-Weng,8
hisham-kottayil,1
mzamjadi,17
stabgan,96
SteinsGate9,22
ytZhang99,171
Pokemon-Huang,20
philipjball,369
AICommons,0
a7031x,22
guilhermedrud,0
shellkore,40
boringleric,21
bliunlpr,31
ashishjv1,4
Elain-q,0
MlWoo,152
MohitJuneja,2
diaomin,207
steveowk,2
SagarGuttal,10
xkiwilabs,171
evavanrooijen,0
jweir136,34
WangYuzhen1996,6
renatoviolin,1940
rschwarz15,30
psu-epl,0
antonyvigouret,24
anujdutt9,1139
richardvecsey,13
JihaoLee,0
yumening7,0
amritasaha1812,122
dourgey,9
sg-nm,290
NateThom,14
ArsenFromCrimea,0
ki-ljl,1042
And1210,21
jiayi9,4
PrimadonnaGit,4
sckim0430,1
Natsagdorj-Choijilsuren,2
Conzel,198
gajdikuka,0
myxuci,0
lucky7323,52
leonoravesterbacka,9
zhaort,0
uchida-takumi,40
EnzeXu,29
DragonChen-TW,36
pd90506,30
lyl7650,1
gary109,20
nurpeiis,65
ouening,120
BaoWentz,83
Technologia-X,0
Hung-Ta-Chen,4
pradeepsk-23,0
wenleix,23
KostasTok,7
ConorLazarou,0
finnickniu,60
wzwtime,10
joshuwaifo,3
vltmedia,27
JoonyoungYi,128
yshiyi,0
zhaoyuzhi,885
m0sys,2
MacJim,9
zheyejs,12
SeanCho1996,42
chrockey,11273
Joseph-Winkle,1
HyperGDX,5
nebula-beta,918
maingoc1605,0
quking,6
plok5308,18
gdelacruzfdez,0
mtiezzi,94
ErenBalatkan,124
polasha,10
zhangzihaokev,3
Alexiland,82
Etc170322,0
annadapb,1
The-RunningSnail,0
wwz58,9
Andrey885,6
1079863482,207
SunYW0108,16
QCOIN-LAB,0
3rd-Musketeer,3
cross32768,90
rythei,123
ghnreigns,18
roguh,81
junqingchang,30
jralha,9
kurudj,2
dixiyao,336
ritwikbera,22
koenry,1
mangyun,2
rohanath123,11
JJASMINE22,87
JindongJiang,338
NoyMoreno,0
obijzbo,0
nslay,21
ROCmSoftwarePlatform,0
Nakanoma,1
semin-park,475
abdulghaffaransari,1
YiPrograms,25
kirant1008,0
ChenWentai,3333
oscardpedrayes,7
poppyleo,16
arnoweng,697
Nihal987,0
swt-user,47
Lorenzoncina,13
sheepover96,15
ArtyZe,293
discdetsu,2
callmewenhao,21
Mahsa13473,1
KanghoonYoon,41
cypw,1728
LiliMeng,208
mindingyao,3
km-uchino,1
zhiyou720,35
TerYang,4
zukangy,2
Ravitha,11
martius-lab,0
echurch,8
freezinghands,6
Spijkervet,1593
assafge,4
heathcliff233,17
JunMoLee,37
bnusss,0
foamliu,4842
alex-lechner,157
PengBoXiangShang,1266
Ikomia-hub,0
suilin0432,32
DARK-art108,425
G-U-N,1529
FredaWerdiger,3
songyouwei,1993
WBGZDTSL,4
VincLee8188,157
acholston,0
zack-yu666,0
jameschengpeng,13
dlgyy,0
enterpine,3
TobiasDing,1
ptklx,9
Chen-Junbao,43
tochilkinva,49
ayooshkathuria,7019
wb014,0
yashbelhe,3
pedrob37,15
Ovikx,16
caganselim,15
ShreyDixit,23
MKowal2,90
yuquanle,600
Xiangyu-CAS,367
EgOrlukha,11
shubhamjn1,88
hayashimasa,27
arnab39,710
Manoj-Kannan,1
yangyuke001,756
Major357,7
codtiger,6
deepnetni,8
wk910930,172
Zchhh73,24
captain-pool,195
jordan-g,172
chenz97,4
mehdi-mirzapour,41
rohitvk1,0
HYU-GradProj,0
lldustc,3
emojilearning,9
YuehChuan,27
kan25d5,6
phanxuanphucnd,96
kdh0429,123
yukkyo,495
kumarvis,17
mgharbi,2333
rowantseng,41
gireeshkbogu,60
changyu98,460
WeidongLi-KG,17
yzfly,17113
BizhuWu,1020
meder411,342
vinhkhuc,1259
anuj27596,3
zmurez,688
mrGreat1110,0
qilei123,7
MINGG2333,1
rm-rf-me,36
tori22,7
tszdanger,57
YuBeomGon,5
jettify,5617
NickyLam,2
mikekutzma,8
Pradip-Kathiriya,9
xolbynz,18
AnantVijaySingh,1
kenshohara,5095
hei4,123
erikqu,52
phoenix-meadowlark,166
julian-8897,22
oskin1,1201
AuCson,536
onlytailei,2336
AmanPriyanshu,227
tpbarron,134
ddiddi,5
suraj-maniyar,93
MahdiAbdolmohammadi,8
qq751220449,62
hagerrady13,938
siddhanthaldar,190
ammar885,0
KellerJordan,286
youssefshoeb,3
Strideradu,26
beni045,4
vdecaro,82
erikreppel,298
Interesting6,16
limingcv,203
ShivaKondapalli,0
UditSinghParihar,227
w452144816,11
shivasanketh-rm,11
Wengnianbiao,1
14472506,0
CarterMcClellan,21
hrzlmx,0
zinsmatt,78
PeterKillerio,0
grantsrb,107
JoursBleu,1
github-pengge,937
MMU-VisionLab,0
alekseynp,64
AnuExMachina,0
billtubbs,51
dat3814606,2
cjwcommuny,8
tejash21,0
White1973,3
PacktPublishing,0
Haruka0522,6
Abhipanda4,121
seanywang0408,459
codes1gn,28
NitzanHod,13
soumickmj,148
yunbattle1994,70
bbidong,4
AdarshK1,6
duc-ke,7
heming-zhang,14
cainspencerm,4
ZdecydowanieNieGrzelczak,2
coldhenry,29
iShohei220,744
ssss1029,936
kacostello,0
Xingxiangrui,66
HAOLI-TUKL,110
mickymicmouse,7
ShaoXiang23,20
bhuminiecki,4
zhenming33,8
weibifan,6
data-race,14
MarkhamLee,12
developer0hye,1437
Honsia,5
Cynthia-shi,0
skmhrk1209,300
Geonhee-LEE,1045
andyguo666,1
huiqu18,166
kokurisann,0
BJohnBraddock,1
sssharaf,0
adaliuBC,487
kehuantiantang,4
pshlego,97
Sudhanshu1304,14
IzzyBrand,161
Jw-Jn,16
ajbrock,5858
DebeshJha,1012
PSCLab-ASU,0
ooooooooe,0
mlexample,0
binhnd102,5
phohenecker,630
DashankaNadeeshanDeSilva,16
BigChungusDaddy,0
romainVala,11
hsur753,8
shumaym,25
Pablo-163,1
fzp0412,0
Xiehuaiqi,13
vidursatija,166
zhsaile,0
Subhasom,2
julianstastny,137
ehsanik,510
immortal-shuan,8
erickingxu,253
Animesh-Chourey,1
hieubkvn123,43
pcmin03,6
ShawK91,210
long123524,117
ugin331,2
ccoltong1215,5
Reza-Pourrahim,0
aykutfirat,79
RorschachChen,28
fengye-lu,13
glennglennglenn,0
maxwellzh,391
xiaywang,66
HarryVolek,575
lramach,25
ricohasgithub,32
bo-10000,39
DongKeon,130
kxgong,2083
HengyiWang,525
concordiaca,2
Kodamayuto2001,625
VikHerr,0
sevenzero70,9
rohitgajawada,133
masora1030,66
Swag-tb,2
sjwright90,9
rehohoho,198
EthanJYK,2
SwayambhuNathRay,216
muratonuryildirim,0
shambhavimalik,11
ChenZhouUC,7
hihiendru,6
IMAC-projects,0
thaoshibe,762
Jaela-C,0
threewisemonkeys-as,591
ainrichman,206
ElifCerenGok,0
R-Fehler,8
Time1ess,60
nikcheerla,241
SethurajS,0
HadasBabayov,0
tnakae,187
peterzhang2029,19
Uchiha-Hieu,2
Munggoose,22
guo-pu,234
KarimElshetihy,2
shreyas0906,70
espectre,563
hanzlfs,999
VisionSystemsInc,0
TheArheus,3
weiyangfb,22
skrish13,885
1587257781,1
hyeonjames,4
kenkimatsumoto,1
mrcgliu,0
rskmoi,264
HuipengXu,174
schelotto,336
Anubis7th,0
hortune,39
zoe0919,0
qarchli,9
koptelovmax,8
karoly-hars,128
lpj0,554
aiff22,2617
hs366399,14
souravsingh,13349
zimengq,16
milindmalshe,48
grassknoted,281
GlassyWing,1204
tomguluson92,1641
dailai,26
carlosdcastillo,561
nazarblch,11
JASON7033,2
chenzyhust,1
holmdk,122
phranq0,1
douhaoYaz,2
allanj,903
machiredd,0
ishine,282
claydeman,0
Smorodov,2757
fedetask,78
sebaF96,11
nicknochnack,9143
kikizxd,76
etienne87,64
xiaokai11,0
bellchenx,62
SWKoreaBME,63
CalumMacLellan1995,2
Finterly,13
NSpil,2
ceisenach,25
chakam1307,0
Eureka-JTX,0
Donghwa-KIM,73
ParsonsZeng,10
huiw39,26
George0828Zhang,872
ziqi-zhang,76
evgen32cd32,0
puririshi98,58
DebasmitaGhose,129
conebot,3
b53k,0
pjdevs,6
langmanbusi,184
zwx8981,664
PouringRain,58
Knight-Antonio,3
ninfueng,39
hliangzhao,515
rplzzz,26
MayankSingal,456
SSARCandy,1291
CharlesNord,55
Chronocook,31
mightydeveloper,400
dongzhuoyao,558
stephkno,3
HsiaX,1
dmkaner,10
erika1203,18
iffsid,2376
martinobdl,233
Chaanks,7866
AndreaCossu,2163
vprayagala,9
mansikataria,35
quaziadib,0
dongwhfdyer,3
PhilippKitz,0
krishnan-meep,2
c1rew,3
shinoyuki222,6
kawori,13
terrorizer1980,16
AdityaVashista30,4
tqlong,28
tamtzehei,0
chLFF,0
TLampr,23
AtmegaBuzz,888
huohuayuzhong,14
jillnano,7
pratyush-1,3
nxu96,43
GermanPaul12,15
shreyas-kowshik,72
RolandGao,101
Harryi0,35
Jiajun-Liu,4
millermuttu,34
GilbertoCunha,28
JuheonYi,257
rgibbonp89,1
ydon1111,2
crcastillo,0
zheng-yuwei,525
alexzhang19,6
zhulf0804,3019
heojae,9
whzhangg,3
apacha,1326
mcculloh213,4
pratikchhapolika,1
rayan-yu,9
VedantGhodke,99
ramsRahim,32
DetectionBLWX,0
shaoeric,156
Sebastian514,3
RayTeen,0
kevincao91,13
Chifffa,16
y0ast,3036
JimLee1996,695
bugsuse,621
arvention,81
mk-michal,9
wtergan,1
cthurston-clgx,3
torch-points3d,0
DateBro,80
1058011747,8
akihironitta,38
Oops404,7
DXNNX,1
yl-1993,5529
FangShuheng,7
hughian,0
bob831009,29
cxiang26,47
yingmuying,2
HuangLongji,12
ha2sd,0
g1wang,5
sowd,87
borhanreo,37
ZiJianZhao,274
marcoseraphin,19
ijinjay,96
rensutheart,6
Yaoyuanzhou,68
gplast,67
aaronespasa,24
Youngjae-Lee,1
ntlm1686,23
dongyang2,0
lgalke,406
xiuyuan0216,25
TreezzZ,326
karascr,49
vakkov,3
jungwon1413,12
mesmerx,4472
voidbag,5
Kiwoo,96
Ri0S,8
naveen-hyperworks,0
ppx-hub,401
ntkhoa95,22
martinwhl,75
hefan1,12
Lkruitwagen,410
laubonghaudoi,1965
abhinav-bhardwaj,267
woojoo99,0
zhangyi-3,446
ShomyLiu,967
tanreinama,810
reetc,0
LJKS,0
JasonGUTU,3863
ilex-paraguariensis,10
KhalilWong,9
IanSullivan,97
torchvideo,0
chinnadhurai,91
Blue-Giant,20
daveboat,33
GeneralLi95,215
huiguoo,33
y3sar,1
chnsh,523
Movahe,14
YZJ6GitHub,0
tomdburns,2
vohoaiviet,133
gautam-sharma1,26
DavideA,2817
mf1024,608
interactivetech,679
Ninoko,1
matsengrp,0
Rahul250192,0
ChiragJindal21,1
Syavaprd,3
XueJiang16,54
imkuang,143
TalentBoy2333,69
jaehyunnn,176
chun8933,1
ahnan4arch,21
Yuuraa,175
ChunjieShan,7
bottlecapper,88
jefflai108,2871
Hauf3n,30
zjcs,5
satyakrishnagorti,179
t-vi,79297
ralcant,5
xiaohuihuichao,25
JammyL,104
EliasPapachristos,77
sdecoder,3
jerryyyyy708,8
aflah02,1146
syys96,3
v0lta,645
wjdghks950,66
sobikaa,2
haochen23,27
Vin-Xi,0
milleniums,617
yy1401,0
chengsen,190
n0obcoder,136
dhruvvpatel,0
asdf93074,3
Jason0917,6
bekir23,1
kunjan-mhaske,16
mashagua,0
Lornatang,1910
spkywood,42
KnurpsBram,43
wcl20,3
mingshaofeng,10
Sbaig3229,0
SummerHuiZhang,85
nmd-2000,0
ferpar,2
BaekKyunShin,209
linksense,0
mpalaourg,119
yawen-d,150
gilisho,7
mmedlin1997,2
ORANKWON,37
wnsgur1198,1
bsh0137,0
yjt2018,12
nmnsharma007,0
vidyadhariGithub,2
sofiacatalan,3
zsypotter,10
hkhpub,11
keapoa,14
Gvence,1
AdityaKarn,9
harimaruthachalam,0
elcolie,8
dbbbbm,55
thanhhau097,232
juderoque,8
HideOnHouse,13
