username,repos
dragen1860,73.0
hphp777,16.0
harimaruthachalam,29.0
G-U-N,35.0
Ninzore,40.0
clearlyCoding,8.0
koenry,14.0
zbxzc35,1686.0
qiuchili,39.0
ArgoHA,20.0
RuiZhang-ICT,16.0
JASON7033,10.0
LeoWood,51.0
uchida-takumi,22.0
gittygupta,29.0
poppyleo,16.0
manhlamabc123,45.0
kenkimatsumoto,1.0
yururyuru00,22.0
geekyutao,21.0
zheng-yuwei,16.0
ayooshkathuria,20.0
braveapple,61.0
FarukFS,16.0
huohuayuzhong,21.0
mrtunguyen,37.0
LY-Road,5.0
nieosf,13.0
oded282,15.0
Etc170322,8.0
Desein-Yang,21.0
MohsenFayyaz89,32.0
gagansingh894,57.0
billzhaox,8.0
erika1203,65.0
huwprosser,30.0
DanielCoelho112,28.0
ArnaudFickinger,42.0
qq751220449,16.0
visbond,10.0
jralha,15.0
imdsafi09,176.0
jiayongzhang,22.0
pd90506,22.0
LiuLinyun,24.0
xiaohao-lin1,8.0
StonecutterX,23.0
DARK-art108,287.0
junqingchang,38.0
bin-go2011,89.0
1058011747,1.0
rm-rf-me,23.0
IanSullivan,10.0
frozenparadox99,74.0
stevewongv,43.0
yingqing0317,9.0
Honsia,26.0
myxuci,21.0
masora1030,29.0
aqbewtra,16.0
goodhamgupta,102.0
hayashimasa,6.0
BaekKyunShin,21.0
rmehta1987,43.0
sowd,35.0
mklimasz,26.0
plok5308,2.0
QQQQ00243,16.0
tstandley,7.0
BenMueller1,33.0
meiirbek-islamov,52.0
gajdikuka,
dat3814606,14.0
dribnet,167.0
joeljosephjin,95.0
richardvecsey,14.0
ConnorJL,17.0
vinhkhuc,31.0
pranavajitnair,50.0
wk910930,37.0
ajbrock,10.0
satolab12,10.0
holdfire,22.0
ISwordLion,30.0
PoonKinWang,3.0
Hyunmok-Park,28.0
JasonGUTU,5.0
lukemelas,37.0
lukazaplotnik,7.0
kooyunmo,34.0
ruihangdu,41.0
zhoujx4,21.0
Harryi0,10.0
ChawDoe,8.0
uitae-kim,10.0
JieChenSimon,144.0
AmartyaCSB,35.0
julianstastny,17.0
BruceJust,33.0
alexzhang19,8.0
AMITKESARI2000,35.0
andrewsunst,5.0
aishangcengloua,10.0
Cai-Yichao,4.0
discdetsu,14.0
marcoseraphin,22.0
Oops404,19.0
15101538237ren,54.0
DebasmitaGhose,37.0
vltmedia,82.0
amritasaha1812,28.0
bearbearyu1223,33.0
itmorn,57.0
abhayraw1,36.0
ParsonsZeng,334.0
Prince9403,6.0
ycchen1989,42.0
shuaizzZ,8.0
aru31,48.0
n0obcoder,38.0
NeedC,12.0
undefinedXD,24.0
juntang-zhuang,54.0
bekir23,10.0
xkiwilabs,7.0
HuguesTHOMAS,10.0
mmedlin1997,16.0
yangyuke001,39.0
zwx8981,24.0
wormhole2019,14.0
kunjan-mhaske,20.0
Natsagdorj-Choijilsuren,19.0
jingxu10,32.0
Optimus1072,95.0
SindiLab,10.0
autohe,251.0
Xiangyu-CAS,17.0
R-Fehler,39.0
shumaym,6.0
QCOIN-LAB,12.0
aflah02,161.0
YaddaShang,1.0
waitwaitforget,50.0
Normalist-K,26.0
BodyCSoulN,9.0
js05212,10.0
Yuagilvy,1.0
imkuang,11.0
smj007,88.0
reddy92rosh,1.0
pb2377,8.0
sg-nm,6.0
yifuxiong,50.0
GNN2QSU,285.0
Naagar,71.0
rahulrathnakumar,31.0
jinalharia,27.0
erickingxu,85.0
liteworldz,6.0
binhnd102,21.0
tomdburns,12.0
elzino,19.0
alxfed,75.0
lldustc,7.0
guo-pu,19.0
CODEJIN,52.0
abdulghaffaransari,11.0
DetectionBLWX,3.0
wcl20,90.0
yakunpku,3.0
mengzhu0308,23.0
chengkangck,38.0
wendywlh,2.0
SaiPrajwal95,12.0
Yuuraa,34.0
stephkno,23.0
igeng,18.0
g1wang,24.0
jeongabae,25.0
wilile26811249,52.0
LiYuan199701,25.0
YuBeomGon,49.0
InvictusY,26.0
vy007vikas,16.0
dyhan0920,28.0
henie2333,7.0
mmkekic,28.0
devonsuper,7.0
aaronespasa,68.0
shehuan,48.0
RyanRizzo96,17.0
gplast,38.0
ZdecydowanieNieGrzelczak,13.0
grantsrb,66.0
ahstarwab,52.0
DXNNX,14.0
De4r,19.0
Reza-Pourrahim,14.0
daisyjack,23.0
201419,43.0
cyk1337,42.0
xiong-ml,2.0
Olembo,13.0
Xiehuaiqi,19.0
Ruitao-chen,20.0
HiiYL,74.0
wangwang1125,6.0
IMAC-projects,8.0
kdh0429,45.0
Joseph-Winkle,14.0
KIMI-debug-maker,10.0
liuslnlp,20.0
logarithm27,21.0
jsesr,4.0
hortune,17.0
nakashima-kodai,14.0
George0828Zhang,36.0
Glushiator,18.0
songyouwei,19.0
xiaokai11,2.0
lyp741,23.0
yawen-d,23.0
chinnadhurai,35.0
HenrySchwerdt,24.0
ZiJianZhao,12.0
Dave0x21,7.0
MlWoo,30.0
tabVersion,79.0
LvXueshuai,9.0
vprayagala,20.0
as791,21.0
VictoriousRaptor,41.0
Time1ess,25.0
ziqi-zhang,63.0
ben-mackenzie,17.0
Knight3-code,1.0
fzp0412,2.0
ap229997,11.0
TTdeveloping,10.0
calebl37,13.0
zhangyi-3,12.0
kevincao91,34.0
MarkhamLee,29.0
ZhangMingxin1997,
limberc,212.0
pengyuchen,19.0
kacostello,5.0
lbz2020,16.0
nikheelpandey,52.0
Shrey-Viradiya,54.0
eminem171333491,14.0
holmdk,31.0
Teun-Schuur,19.0
bnicholl,28.0
Eureka-JTX,
JindongJiang,11.0
NitzanHod,8.0
hunkim,85.0
itrusteyou,8.0
dayekuaipao,13.0
matsengrp,98.0
HollrayChan,8.0
jas-nat,8.0
Riadh-B,14.0
guolinbuaa,20.0
saidalfaraby,26.0
HarryVolek,4.0
Advaiit,14.0
gormlai,28.0
vohoaiviet,369.0
adaamm,12.0
vivanov879,23.0
zllrunning,73.0
HengyiWang,12.0
chun8933,13.0
KnurpsBram,16.0
chenz97,12.0
heathcliff233,38.0
JJASMINE22,23.0
ajinkya98,8.0
Codelegant92,32.0
leognha,15.0
leichenNUSJ,8.0
mzhang367,15.0
Hauf3n,14.0
Karthik-Ragunath,99.0
Donghwa-KIM,80.0
abhilashabhilash3,17.0
whywww,30.0
mcculloh213,76.0
haochen23,94.0
espectre,19.0
nishant1995,7.0
bartonlin,19.0
emojilearning,23.0
oshima-yoppi,13.0
tensorinfinitysip,7.0
huiguoo,10.0
Arseni1919,152.0
samsungexpert,4.0
tejash21,8.0
ppx-hub,16.0
pcmin03,25.0
elcolie,73.0
AnjieCheng,13.0
nmnsharma007,37.0
iamrishab,87.0
Hoshi-masahito,3.0
abzb1,9.0
david990917,52.0
martinwhl,5.0
Sebastian514,12.0
JamesWang007,157.0
bottlecapper,39.0
yusonghust,
eugenelet,94.0
bamasa,19.0
jiajunhua,210.0
Huanghongru,32.0
kokurisann,5.0
hliangzhao,29.0
dongyang2,5.0
SteinsGate9,39.0
fcorencoret,7.0
ali2009a,5.0
1587257781,76.0
diabhiue,13.0
Pragjnesh,4.0
MNaplesDevelopment,19.0
jameschengpeng,23.0
Spiffical,23.0
keyu-tian,90.0
aditya12agd5,9.0
jama1017,16.0
siyaroner,19.0
AEMARV,14.0
aertist,37.0
ChiragJindal21,20.0
nebula-beta,20.0
Major357,42.0
pdefusco,191.0
AtalsKim,27.0
samggggflynn,89.0
chagmgang,57.0
zjcs,40.0
RizhaoCai,29.0
hiroyasuakada,25.0
nicknochnack,178.0
w00zie,16.0
pahung1999,24.0
collector-m,3037.0
8yrce,13.0
abhinav-bhardwaj,39.0
davidtvs,13.0
prismspecs,61.0
lixiangbao,59.0
y3sar,28.0
Riretta,19.0
Swag-tb,2.0
Alexiland,11.0
WeidongLi-KG,24.0
xiaywang,8.0
mightydeveloper,36.0
VissageMo,33.0
LewisHS,4.0
Technologia-X,8.0
SWKoreaBME,41.0
leoriohope,22.0
vidursatija,44.0
domisProgrammingMemes,6.0
Shimwonhyung,9.0
safwankdb,82.0
michaelfedell,45.0
SeHwanYoo,90.0
thegyro,30.0
wzg16,58.0
LiYangSir,28.0
rskmoi,16.0
tochilkinva,31.0
curaai,30.0
jweig0ld,7.0
hiepbkhn,9.0
Doragd,78.0
PPhub-hy,4.0
PeterKillerio,
goldenbili,13.0
hkhpub,12.0
gireeshkbogu,22.0
nudibranc,6.0
r4ho,15.0
HadasBabayov,20.0
Spijkervet,85.0
swt-user,13.0
annadapb,8.0
mtiezzi,9.0
MMorafah,21.0
thaoshibe,10.0
r4ghu,64.0
antihutka,19.0
mlexample,3.0
iliathesmirnov,4.0
luninsun,4.0
Lyken17,200.0
snowflakewang,16.0
VIPL-Audio-Visual-Speech-Understanding,6.0
laredein,8.0
huyvnphan,12.0
Gaozhongpai,31.0
huangtao36,82.0
Nebula4869,10.0
hieubkvn123,65.0
hwangtamu,91.0
congffu,30.0
dsp6414,928.0
z-bingo,40.0
HanshuYAN,9.0
cjearce,4.0
machiredd,5.0
callmewenhao,39.0
qiaosiyi,35.0
romulus0914,19.0
kaiyaointel,
devbruce,26.0
YueWenjun,34.0
lhsheild,65.0
MKowal2,23.0
tomron27,19.0
sgrvinod,10.0
krishnan-meep,15.0
andrew-bydlon,6.0
Wangt-CN,30.0
zmurez,12.0
yjh0410,57.0
martinobdl,15.0
heming-zhang,28.0
zhangjh915,15.0
glennglennglenn,0.0
djosix,19.0
NIRVANALAN,230.0
philipjball,54.0
pratyush-1,7.0
iArunava,80.0
mrGreat1110,6.0
hiyouga,49.0
sneha0401,7.0
chrockey,50.0
bnusss,36.0
shinoyuki222,13.0
tqxli,13.0
cc97nitu,7.0
RohauerRobotics,15.0
MaximumEntropy,28.0
KonroyZhu,66.0
EthanRosenthal,47.0
songrise,44.0
summary-GodBlessYou,4.0
AdarshK1,26.0
ml-illustrated,17.0
deoelvenmage,11.0
fanq15,58.0
lpj0,5.0
shubhamjn1,35.0
hisham-kottayil,20.0
WHDY,11.0
yoonsanghyu,7.0
zimengq,17.0
qwqw1314,25.0
yaox12,25.0
aeadod,48.0
ZiqiChai,333.0
xz6014,17.0
ColinKohler,21.0
phohenecker,18.0
JuheonYi,11.0
VishalBalaji321,9.0
shivasanketh-rm,19.0
bbidong,13.0
hefan1,67.0
abidikhairi,20.0
IdanAzuri,42.0
ZhichaoOuyang,42.0
minar09,74.0
security-softwares,
ytZhang99,12.0
quking,20.0
shanemankiw,18.0
rushiv0609,7.0
clw5180,319.0
ZrcLeibniz,9.0
jaehyunnn,16.0
ooooooooe,6.0
Ram81,88.0
nin-yu,11.0
shengteng19,1.0
Dot8Pixels,25.0
MatthewCaseres,105.0
SatoKeiju,10.0
Gavin0203,17.0
kevinkbc,4.0
evavanrooijen,39.0
chenyuntc,49.0
obijzbo,43.0
ZengyuanYu,34.0
alejands,22.0
shufanwu,13.0
schelotto,16.0
ntkhoa95,28.0
Huang-rookie,4.0
rileyblack,15.0
IzzyBrand,33.0
xvdp,85.0
aiff22,11.0
hghimanshu,22.0
WangYuzhen1996,73.0
ShawK91,44.0
pyaf,69.0
xolbynz,57.0
yourFriendlyNeighbour,1.0
SapanaChaudhary,20.0
juni-lee,5.0
Eedvard,8.0
KuoHaoZeng,19.0
LiliMeng,168.0
lihao2333,75.0
kawori,2.0
YuehChuan,501.0
jiayi9,44.0
hanzlfs,4.0
odegeasslbc,34.0
wangxianrui,60.0
FangShuheng,5.0
lnhutnam,105.0
ligerfotis,42.0
BlackyYen,
ishine,3064.0
Jw-Jn,16.0
KarimElshetihy,60.0
rohitvk1,
YimingZzz,1.0
tamtzehei,26.0
Desa1egn,5.0
AlanJacob97,4.0
JoonyoungYi,63.0
vidyadhariGithub,8.0
VecihiAsim,9.0
1219521375,42.0
jusque-a-la-fin,8.0
SukerZ,8.0
andyguo666,46.0
AnnYoS,8.0
SummerHuiZhang,94.0
Shenyve0101,5.0
DavideA,17.0
tristandb,23.0
yashpansari,16.0
young31,24.0
yaoyi30,11.0
EnzeXu,62.0
HsiaX,8.0
v0lta,30.0
CS4445-JasonDykstra,6.0
m12sl,48.0
dkp1903,220.0
Ninebell,23.0
yshiyi,41.0
ArtyZe,15.0
thesuperorange,39.0
neuece,49.0
SwayambhuNathRay,11.0
wolverine28,13.0
Learner0x5a,40.0
yinizhizhu,63.0
sobikaa,16.0
The-RunningSnail,9.0
milindmalshe,22.0
marsolo93,2.0
DragonChen-TW,46.0
krumo,20.0
hsuchengmath,43.0
Jintao-Huang,26.0
jiantenggei,15.0
liulai,11.0
dollarkillerx,374.0
sdecoder,50.0
hyungminr,6.0
maxwellzh,15.0
zhengfangwu,407.0
zxy317,8.0
ACVAE,1.0
ha2sd,11.0
Subhasom,41.0
mrcgliu,
suraj-maniyar,19.0
dailai,312.0
agrechnev,40.0
johnny-walker,39.0
goldhuang,3.0
Pokemon-Huang,4.0
Billijk,14.0
RuurdBijlsma,123.0
kaixu-zen,
elliotbeck,13.0
Movahe,31.0
Interesting6,46.0
AIFanatic,28.0
ddiddi,58.0
yuezuegu,9.0
MauiDesign,16.0
sihamdmostafa,30.0
erikreppel,44.0
syys96,57.0
neetmehta,19.0
t-vi,47.0
CuriousCat-7,67.0
cainspencerm,21.0
pr1266,60.0
evgen32cd32,5.0
Shawn-Guo-CN,73.0
johnhany,57.0
vimarshc,38.0
bigdatasciencegroup,1713.0
mansikataria,32.0
Windxy,34.0
WildCatFish,5.0
zsef123,46.0
AndreaCossu,32.0
Schwolop,21.0
EderSantana,74.0
ferpar,119.0
plweegie,52.0
ml-lab,4601.0
skmhrk1209,62.0
bo-10000,9.0
leimao,180.0
LoredCast,13.0
s-chh,24.0
shahuzi,36.0
zhiyou720,20.0
matthewfeickert,351.0
shubham1810,44.0
RayTeen,11.0
dongwhfdyer,61.0
Pablo-163,6.0
tnakae,25.0
ZhZhang711,7.0
fengye-lu,9.0
Lkruitwagen,37.0
edwardning,5.0
rensutheart,19.0
vinesmsuic,51.0
mruberry,11.0
MagaliDrumare,116.0
github-pengge,23.0
KhalilWong,33.0
ralcant,32.0
moaz-elesawey,62.0
smitheric95,24.0
AnantVijaySingh,30.0
tonysy,89.0
HiroForYou,135.0
Averyyy,30.0
DGenady,2.0
siniphia,16.0
ShreyDixit,30.0
brian-you98,4.0
skrish13,65.0
ian-jihoonpark,18.0
mashagua,51.0
miraclewkf,23.0
zhsaile,7.0
maggeek,7.0
charliehpearce,22.0
Zoesxw,7.0
jcheunglin,20.0
HopefulRational,14.0
data-race,35.0
stabgan,167.0
thydeyx,35.0
flarelink,11.0
youzunzhi,18.0
zheyejs,12.0
yl-1993,37.0
YOUSIKI,61.0
satyakrishnagorti,28.0
Ri0S,22.0
wakandan,70.0
AryanSarswat,31.0
MaskedIsland,6.0
leonoravesterbacka,12.0
Jiajun-Liu,11.0
sovit-123,98.0
jonnedtc,12.0
seanywang0408,22.0
YWHyuk,21.0
IVPLatNU,3.0
yeyanan93,6.0
Wengnianbiao,11.0
chenzyhust,4.0
hei4,24.0
Kodamayuto2001,106.0
mzamjadi,10.0
ccoltong1215,30.0
deepnetni,11.0
sebaF96,14.0
xhzhao,40.0
PrimadonnaGit,17.0
jvlk,1.0
ksadowski13,24.0
AyadAlmamary,88.0
lyl7650,18.0
LucasVandroux,28.0
DableUTeeF,109.0
mlpotter,40.0
7689000,11.0
millermuttu,35.0
GerogeZhi,10.0
CharlesNord,84.0
jettify,67.0
aqc112420,30.0
UncleThree0402,23.0
FurkanYlmz97,11.0
Andrey885,12.0
HYU-GradProj,4.0
mohdumar644,7.0
jxm6165,9.0
adityarp9,19.0
AdityaVashista30,46.0
w452144816,79.0
lgalke,74.0
weiyangfb,4.0
HuangLongji,3.0
pei-hsin-chiu,5.0
SWHL,40.0
BarCodeReader,69.0
AICommons,1.0
DocF,47.0
arnoweng,3.0
kehuantiantang,37.0
tiruota,10.0
martinetoering,30.0
rschwarz15,3.0
ShaoXiang23,37.0
faportillo,20.0
jxgu1016,13.0
DrTang2000,34.0
pyxploiter,47.0
MMU-VisionLab,28.0
qq249356520,7.0
liucongg,23.0
nickiteks,42.0
BurnhamG,37.0
VincLee8188,12.0
Anubis7th,7.0
yutayamazaki,17.0
oskin1,44.0
long123524,6.0
adipandas,14.0
pradeepsk-23,0.0
assafge,4.0
woojoo99,
krisuety,13.0
splionar,44.0
NULL-2019,9.0
suolyer,50.0
nicoyang-21,25.0
koptelovmax,13.0
Shivali121327,24.0
Chaanks,64.0
fedetask,18.0
nriteshranjan,33.0
cocoakang,9.0
cxiang26,45.0
Jaela-C,26.0
mengzhangjian,90.0
mf1024,23.0
xouan,29.0
MMSS9402,15.0
yumening7,11.0
yearing1017,26.0
shizhediao,129.0
amirmallak,16.0
naiveHobo,45.0
chnsh,31.0
EthanJYK,13.0
apsarath,12.0
wadmes,20.0
lz1159435992,37.0
LizzieTang,6.0
rohitgajawada,36.0
rgibbonp89,5.0
FredaWerdiger,8.0
yanjingke,55.0
jain-avi,12.0
Syavaprd,25.0
ahnan4arch,1189.0
JackHCC,60.0
Bil369,20.0
ramjv,14.0
spkywood,24.0
socar-serena,6.0
Lc-1024,6.0
StephenStorm,30.0
xinshuoweng,17.0
Nakanoma,4.0
loui0620,13.0
theidentity,72.0
Marwanmhks,13.0
torch-points3d,3.0
CarterMcClellan,20.0
martius-lab,40.0
ty625911724,10.0
immortal-shuan,15.0
jtlai0921,1125.0
trieutranq,9.0
goksinan,17.0
tangruofeng,2.0
tangshengeng,10.0
amnsr17,6.0
AiMizuno,9.0
eqy,59.0
Pradip-Kathiriya,39.0
GermanPaul12,111.0
VisionSystemsInc,26.0
percent4,135.0
duc-ke,24.0
dhruvvpatel,20.0
codtiger,15.0
AuCson,25.0
mesmerx,31.0
Dzautriet,5.0
cross32768,44.0
zhaoyuzhi,78.0
yuxwhkbu,
pangkun248,6.0
jaroslaw1007,11.0
jhlee17139,8.0
ConorLazarou,
Haruka0522,26.0
nslay,18.0
Mahsa13473,84.0
DongKeon,29.0
crafter-z,3.0
c1rew,24.0
satya77,13.0
Ovikx,49.0
ROCmSoftwarePlatform,9.0
RonKbS,65.0
rohithkumar282,14.0
curtdissel,4.0
aitorzip,7.0
HuzaifaToor,8.0
YeonwooSung,98.0
randalong,5.0
zcemycl,133.0
happyConan,118.0
jaegpark,35.0
ModelBunker,11.0
Momilijaz96,41.0
Vipermdl,109.0
linksense,11.0
carlosdcastillo,15.0
austindelatorre,5.0
ShaoQiBNU,330.0
Smallflyfly,281.0
prateekm08,22.0
pirunita,38.0
kenshohara,16.0
sarvesh211999,41.0
raheelqader,4.0
OniroAI,5.0
Hung-Ta-Chen,20.0
NoyMoreno,13.0
ndb796,218.0
TheRealBaka,5.0
tedhuang96,19.0
erikqu,23.0
traveller59,9.0
Mystiking,18.0
Unicorn-acc,18.0
Nihal987,11.0
SyedaSakinaZaidi97,5.0
Mark-Sang,33.0
Strideradu,55.0
xiaohuihuichao,52.0
anushmite,4.0
CheQiXiao,18.0
Sunbaoli,9.0
Neeti-Jain,11.0
mabirck,35.0
adapa160,8.0
swatisingh45,92.0
ijinjay,38.0
qinhaihong-red,127.0
samx97,3.0
VHCC,44.0
supernotman,8.0
singularity014,39.0
goys94,2.0
zhaort,6.0
MIV-Group,4.0
ashawkey,87.0
PengBoXiangShang,76.0
erilyth,134.0
dalgu90,21.0
luuuyi,47.0
aksenventwo,46.0
ki-ljl,53.0
AleX77NP,119.0
a7031x,34.0
nghiahhnguyen,21.0
Keillion,39.0
wzwtime,66.0
meizaguirre86,5.0
georgeyiasemis,17.0
AishuaiYao,6.0
y0ast,16.0
liuyundong-2020,95.0
YZJ6GitHub,51.0
allanj,63.0
danielzgsilva,27.0
tachillon,17.0
GeneralLi95,29.0
randomMatrix77,18.0
NguyenThanhAI,108.0
kikizxd,10.0
henrypowell87,11.0
Xiangyi1996,56.0
ammar885,5.0
wtergan,20.0
mathamp,13.0
heojae,21.0
Ninoko,10.0
vedantbonde,10.0
DongSky,84.0
renatoviolin,109.0
chengsen,30.0
codinglover-Noman,13.0
ZhenyueQin,
lantgabor,17.0
sckim0430,27.0
SAGNIKMJR,42.0
Chung-I,65.0
Flo11,13.0
TheInfamousWayne,56.0
pprp,130.0
TLampr,11.0
wangqs97,2.0
peterzhang2029,32.0
finnickniu,19.0
589hero,29.0
SunnerLi,72.0
shaynaor,25.0
zhtjtcz,15.0
rasbt,134.0
Joejiong,478.0
gongyongkang,1.0
dixiyao,28.0
kogans1107,8.0
kiddliao,16.0
jweir136,170.0
MacJim,45.0
takeru1205,33.0
LJKS,19.0
filipwinzelllth,
DebeshJha,85.0
ahmedfadhil,512.0
crcastillo,10.0
Luhaozhu,15.0
wutianyiRosun,118.0
fan-linhao,5.0
wilkice,42.0
sfc-computational-creativity-lab,16.0
beomgonyu,1.0
gazeai,6.0
jrobertojunior,32.0
yqy,22.0
ImKeTT,21.0
caganselim,15.0
liaomingg,21.0
takmin,22.0
wizard1203,95.0
jianzhangcs,44.0
scottjiao,31.0
J094,25.0
Vin-Xi,39.0
sssharaf,3.0
SSARCandy,88.0
mxl1990,10.0
zack-yu666,5.0
sheepover96,38.0
antonyvigouret,5.0
arvention,39.0
onlytailei,26.0
wnsgur1198,45.0
brainsoft-ai,2.0
yyashkir,11.0
Blue-Giant,85.0
xu3kev,52.0
June01,56.0
givenone,57.0
Keiku,5.0
taowenyin,39.0
zhenshen-mla,32.0
makifozkanoglu,20.0
CurtesMalteser,51.0
inkplatform,5.0
csjiangwm,11.0
dmkaner,33.0
KostasTok,6.0
bsh0137,25.0
zsypotter,15.0
lucky7323,147.0
Xylambda,24.0
diaomin,5.0
rplzzz,44.0
leeesangwon,50.0
limingcv,5.0
yerimoh,13.0
os-hxfan,11.0
karascr,13.0
bhuminiecki,22.0
bob831009,20.0
Andr1u5,3.0
ElliottYan,37.0
ZhiwenShao,120.0
DoganK01,77.0
Logan-Lin,40.0
jewfro-cuban,32.0
nikhilbudathoki,8.0
Maggiking,
as595,59.0
NanWuIT,7.0
swarnadeep8597,41.0
BannyStone,6.0
MightyRaccoon,22.0
wangzhengy,8.0
Sandbox3aster,90.0
Avi197,76.0
masonmsh,7.0
adaliuBC,13.0
puririshi98,42.0
Immortals88,19.0
shambhavimalik,20.0
nikhilbarhate99,21.0
shaoeric,50.0
jjgarau,10.0
AtmegaBuzz,100.0
yasin624,22.0
apacha,110.0
bliunlpr,7.0
ycjing,18.0
arnab39,31.0
ouening,27.0
boluochuile,9.0
GlassyWing,86.0
ShanksVision,8.0
ElifCerenGok,8.0
nuaazs,59.0
PhotoWolf,2.0
Rahul250192,12.0
Abhipanda4,34.0
Di-Weng,14.0
undertherain,32.0
chaozhong2010,25.0
MVIG-SJTU,8.0
thanhhau097,55.0
yy1401,4.0
delira-dev,5.0
HoldemGK,18.0
ramsRahim,26.0
b53k,14.0
wangmengsd,11.0
reetc,9.0
Xiaoctw,61.0
gpauloski,18.0
Wayho,32.0
edwardwterry,50.0
salmanmaq,41.0
shreyas-kowshik,79.0
reshow,9.0
Ravitha,37.0
bellchenx,18.0
vvagias,68.0
thuyngch,57.0
tienluongngoc,27.0
AhmetFurkanDEMIR,110.0
hibagus,41.0
Kumarabhi666,8.0
LYoung-Hub,3.0
LennonLau,3.0
Jen-Jon,
wfraher,12.0
weibifan,23.0
Uchiha-Hieu,11.0
anuj27596,9.0
ashuuuriii,7.0
mimbres,81.0
yjt2018,31.0
iShohei220,24.0
hrzlmx,
nikunjlad,35.0
GenoZhang624,5.0
wangjl-nju-2020,3.0
Aismarter,16.0
kxgong,19.0
aasharma90,19.0
JerryJack121,15.0
stoneyang159,35.0
Julia-Run,
mollerhoj,80.0
iskovskikh,14.0
diggerdu,230.0
Kitware,238.0
opatrickchen,22.0
wenzhilong,21.0
captain-pool,68.0
elliottzheng,53.0
romainVala,12.0
Lorenzoncina,15.0
ryujaehun,29.0
jingjin25,7.0
izmailovpavel,24.0
shimon-c,13.0
mcgoughlin,24.0
whzhangg,18.0
SethurajS,14.0
UditSinghParihar,34.0
yipersevere,
lt-asset,2.0
mtliba,27.0
Conzel,26.0
ghnreigns,26.0
sreenithy,42.0
nikcheerla,36.0
tobyshooters,26.0
zoe0919,5.0
hsur753,7.0
RorschachChen,32.0
yueqiw,33.0
IFADA,25.0
anexplore,79.0
justusschock,69.0
dongzhuoyao,252.0
Wayne122,23.0
MayankSingal,19.0
amitmeel,116.0
txrc,15.0
zzzzzzzzzzzzz,29.0
AmitNativ1984,33.0
JohnNehls,10.0
steveowk,11.0
ixn872,28.0
guilhermedrud,13.0
SeanLee97,101.0
Mayukhdeb,61.0
dnlcrl,48.0
borhanreo,79.0
vyraun,2130.0
sechetbot,2.0
billtubbs,99.0
XieYuanfeng,4.0
Gerryflap,49.0
Wredter,19.0
hurxx018,21.0
Kevin-JisuKim,13.0
developer0hye,204.0
BaoWentz,18.0
changyu98,17.0
laubonghaudoi,23.0
Gvence,36.0
rayankrish,28.0
salmedina,108.0
BigChungusDaddy,10.0
km-uchino,3.0
m0sys,22.0
yoonhero,105.0
biyoml,5.0
crane719,8.0
MaximeAeva,22.0
shivanisrivarshini,3.0
SDU-MagicMirror,2.0
ymitiku,73.0
baroibeo,6.0
JimLee1996,30.0
VegetablesMaster,3.0
shreyas0906,26.0
Xiaoqiqiyaya,7.0
Ugenteraan,71.0
wjdghks950,61.0
SaralaSewwandi,39.0
zhanghang1989,61.0
InformationRetrieval-Hongik,5.0
jkr26,17.0
JoursBleu,25.0
JimpeiYamamoto,31.0
LuisEstebanAcevedoBringas,12.0
Jason0917,9.0
D0miH,33.0
MoMe36,59.0
kirant1008,11.0
rolambert,37.0
juun9714,93.0
Michael5467,4.0
AmanPriyanshu,151.0
nradair,2.0
paulosestini,18.0
Rubiksman78,19.0
pshlego,18.0
jerryyyyy708,20.0
SpeedOfSpin,43.0
hrxorxm,13.0
kose,19.0
chriszhangwj,26.0
sevenzero70,8.0
CamiWilliams,48.0
mrkieumy,13.0
rachelpeichen,15.0
Zchhh73,32.0
cdschtz,20.0
AnuExMachina,15.0
Natsu6767,22.0
BUAAChuanWang,66.0
yukkyo,19.0
Kongsea,74.0
jang1suh,5.0
qilei123,191.0
MINGG2333,28.0
hughian,11.0
AiueoABC,25.0
iffsid,33.0
chlee1983,5.0
batuhan3526,15.0
Sunda233,13.0
rimusa,7.0
foamliu,209.0
otzslayer,19.0
STK101,26.0
Sudhanshu1304,46.0
Animesh-Chourey,28.0
zihaog0724,9.0
And1210,55.0
bigmb,59.0
naveen-hyperworks,18.0
Chen-Junbao,1.0
eveningdong,33.0
daveboat,22.0
sumanth0892,59.0
Youngjae-Lee,4.0
JunMoLee,26.0
tfmoraes,83.0
9bow,88.0
chuliuT,30.0
gdelacruzfdez,11.0
Thepnathi,25.0
ihollywhy,34.0
kurudj,12.0
xelahalo,26.0
boringleric,11.0
siddhanthaldar,43.0
wwz58,24.0
joshuwaifo,30.0
simotumoz,28.0
bioinf-mcb,32.0
ldeecke,4.0
hs366399,16.0
preduct0r,4.0
cfinlay,14.0
tqlong,51.0
wang678,7.0
Chronocook,8.0
danielkelshaw,22.0
tomguluson92,124.0
voidbag,12.0
AJingshou,2.0
OctopusLi,19.0
14472506,11.0
keapoa,27.0
ntlm1686,46.0
humblemat810,37.0
youssefshoeb,8.0
mingminzhen,30.0
MaxandYuki,16.0
polasha,35.0
alantanlc,108.0
muratonuryildirim,7.0
UCI-ML-course-team,1.0
arielkuong,4.0
rayan-yu,16.0
CeasonCui,17.0
SnowIsWhite,19.0
VedantGhodke,75.0
ranjitation,25.0
sadhana1058,17.0
HsLOL,17.0
kir3i,10.0
TheArheus,23.0
freezinghands,4.0
milleniums,31.0
gigantenbein,10.0
Bovbene,9.0
experimenti,43.0
1zuu,
arynoviyanto2,12.0
benlin131020,16.0
quaziadib,35.0
BoriaK,7.0
otenim,21.0
mehdi-mirzapour,83.0
ik9702,14.0
MIVRC,21.0
rehohoho,49.0
PouringRain,9.0
taoyang1122,15.0
ChungYi347,6.0
probtorch,3.0
cjwcommuny,114.0
stuartnankai,34.0
Bugdragon,25.0
Machine-Learning-And-AI-Projects,8.0
mmk-ai,
assafshocher,14.0
yashbelhe,10.0
lucabergamini,12.0
tabularasa066a,21.0
pranjal2410,21.0
winston-lin-wei-cheng,11.0
ShomyLiu,39.0
Linardos,36.0
yeeeqichen,33.0
daomengkiller,32.0
meder411,21.0
packyan,27.0
NaturezzZ,40.0
NickyLam,18.0
EliasPapachristos,60.0
nxu96,18.0
gicsaw,10.0
Chaiyanchong,97.0
machine-perception-robotics-group,19.0
rg321,56.0
mohak1,32.0
Yaoyuanzhou,11.0
chakam1307,
djycn,4.0
ugin331,8.0
langmanbusi,7.0
anujdutt9,87.0
mingman514,20.0
pbehjatii,9.0
galidor,10.0
SeoLabASU,1.0
MohitJuneja,159.0
AlanGacihi,40.0
railiavaliullina,34.0
tanreinama,18.0
pedrob37,15.0
maingoc1605,12.0
NateThom,16.0
st186,50.0
SaliencyDetection,382.0
bhushan23,158.0
julian-8897,7.0
yuniktmr,37.0
SijmNoteboom,4.0
ChenZhouUC,9.0
ChenWentai,16.0
ElHouas,24.0
gautam-sharma1,70.0
zhenghao977,9.0
jiesutd,25.0
yaoceyi,62.0
hyeonjames,43.0
Derpimort,14.0
dingjun6953,19.0
ppva,8.0
Finterly,60.0
good5dog5,69.0
alex-lechner,21.0
HAOLI-TUKL,11.0
sharathmaidargi,3.0
SpikeKing,158.0
smiler96,15.0
Premkumar7090,44.0
mindingyao,22.0
moqi112358,20.0
lucasroitman,
zhuodannychen,30.0
XingruiWang,42.0
Awcrr,5.0
jhhuang96,37.0
soeque1,48.0
ashishjv1,11.0
myungsanglee,24.0
zinsmatt,61.0
furkancoskun,14.0
Lornatang,175.0
setyongr,42.0
tomelf,16.0
wb014,0.0
sicong-huang,9.0
LiaoWC,35.0
qarchli,38.0
futureisatyourhand,20.0
terrorizer1980,4477.0
trisha025,18.0
Ikomia-hub,123.0
maheshambule,11.0
KanghoonYoon,6.0
branislav1991,16.0
LeifYaoYuXiang,31.0
BillSam,116.0
cypw,51.0
rohan1561,19.0
gilisho,16.0
shruti2126,34.0
DawnHH,3.0
3rd-Musketeer,5.0
wenleix,39.0
frechele,58.0
kumar-shridhar,74.0
lienguang0624,17.0
zhenming33,18.0
elvisyjlin,42.0
vence-andersen,4.0
yunbattle1994,8.0
conebot,3.0
ceisenach,9.0
aloomya,9.0
ryanquinnnelson,42.0
Rozi1,32.0
clcarwin,465.0
polyuxdq,4.0
tori22,5.0
DerekGloudemans,48.0
kobykotiv,69.0
threewisemonkeys-as,34.0
yhung119,40.0
abdxxw,24.0
Samuel-Bachorik,11.0
Bigpig4396,34.0
asdf93074,11.0
TobiasDing,15.0
RenaLu,13.0
chengjie11,11.0
tollymune,1.0
mario-rot,
ChenEating716,24.0
dreamplus1989,1.0
coldhenry,18.0
dalinvip,94.0
HuipengXu,40.0
ljwa2323,33.0
aykutfirat,21.0
ronithbinny,12.0
zzsdsgdtc,8.0
semin-park,30.0
mgharbi,39.0
keep-steady,113.0
ChunjieShan,85.0
MoaazAbdulrahman,8.0
hankniu01,56.0
vujadeyoon,38.0
KellerJordan,58.0
comeeasy,34.0
fatemehadadi,20.0
sabirdvd,505.0
weizhou-geek,33.0
huiqu18,12.0
zonghaofan,93.0
Xingxiangrui,22.0
ji-in,43.0
echurch,16.0
juderoque,7.0
biditdas18,16.0
abhishekyana,81.0
tulacik,3.0
EgOrlukha,12.0
NoOneUST,63.0
tscianmarello,10.0
CreeperLin,42.0
JasperGA,14.0
zym1119,18.0
Sarthak-22,26.0
xiuyuan0216,52.0
lighTQ,42.0
CestLucas,17.0
V-ea,21.0
AndyPhoenix9879,
tpbarron,25.0
chriselrod,156.0
YooJiHyeong,13.0
minhna1112,44.0
RolandGao,20.0
SJ-Chuang,9.0
quantbruce,7.0
omerunlusoy,10.0
t107598066,26.0
doduythao,13.0
mikekutzma,33.0
tszdanger,94.0
Dawnstar8411,16.0
KarhouTam,8.0
jungwon1413,28.0
Ed-gong,7.0
rshormazabal,16.0
interactivetech,115.0
DeepInEvil,21.0
haotian-liu,41.0
NSpil,1.0
LongLong-Jing,41.0
dourgey,18.0
gclausen0272,14.0
ainrichman,3.0
Cynthia-shi,26.0
tien02,24.0
PacktPublishing,8337.0
Grand251,11.0
psu-epl,14.0
clvrai,32.0
tewei,25.0
xueleichen,12.0
Allen2401,7.0
2000ZRL,5.0
AgnesNM,69.0
ptklx,91.0
rczhen,12.0
cmFighting,18.0
kevalmorabia97,23.0
victorist,28.0
nurpeiis,15.0
KoryBurns,7.0
TreezzZ,36.0
danielliucs,25.0
CalumMacLellan1995,6.0
eran505,19.0
pharrellyhy,30.0
leichtrhino,9.0
Sayantan17,23.0
ssss1029,29.0
Chifffa,7.0
elonashatri,59.0
GilbertoCunha,19.0
huzi96,48.0
1079863482,22.0
rowantseng,7.0
lingchuL,28.0
koochak-mehdi,8.0
HideOnHouse,23.0
long95288,28.0
WBGZDTSL,2.0
tivandic,2.0
hagerrady13,15.0
ferisetiawan,24.0
TahsinPavel,16.0
pjdevs,40.0
HopLee6,7.0
SSusantAchary,568.0
ydon1111,20.0
xk-huang,44.0
muhmaz3,62.0
hihiendru,24.0
vdecaro,3.0
zhangzihaokev,11.0
SagarGuttal,30.0
Munggoose,18.0
xChiri,11.0
mattresnick,9.0
Sbaig3229,19.0
dlgyy,13.0
omrahul,5.0
QAQgc,8.0
RimDan,4.0
tomershay100,22.0
kalviny,5.0
karoly-hars,8.0
cthurston-clgx,6.0
Hui-Li,43.0
enterpine,9.0
DaehanKim,30.0
DesperateMaker,11.0
MouxiaoHuang,17.0
lorrywu,1.0
ShivaKondapalli,16.0
alekseynp,17.0
VikHerr,2.0
tuananh1007,112.0
cccshuang,99.0
HyperGDX,5.0
jiangszzzzz,14.0
dulayjm,40.0
bugsuse,41.0
KevinChen1994,14.0
suilin0432,47.0
JoKerDii,25.0
Yukiyousa,11.0
CAM1113,55.0
Knight-Antonio,14.0
Geonhee-LEE,126.0
XuLongjia,12.0
jillnano,24.0
sjwright90,13.0
sunlanchang,45.0
SunYW0108,7.0
Yogurt2019,8.0
sofiacatalan,6.0
kawhidiot,
chuanli11,111.0
White1973,36.0
zhouruikun,21.0
GeoZcx,33.0
2KangHo,22.0
ducminhkhoi,44.0
chLFF,2.0
suyashjoshi,0.0
cspartalis,34.0
codes1gn,124.0
pengfe2017,10.0
Ivanaluo,
lramach,15.0
lembolov9,16.0
karlosdb,6.0
vakkov,80.0
Smorodov,284.0
souravsingh,233.0
NehaJSarnaik,4.0
yangyang-nus-lv,7.0
Jiangshan00001,261.0
aayushs879,22.0
Ren-Yaqian,16.0
Fuyi-Yang,6.0
jiaxiang-cheng,71.0
SeanCho1996,32.0
LiuXinyu12378,109.0
Elain-q,5.0
zhulf0804,31.0
tuladhay,22.0
WageningenKing,5.0
bollakarthikeya,22.0
Silent-voice,16.0
KongBe1999,21.0
Lan-ce-lot,60.0
beni045,8.0
nmd-2000,
mswzeus,0.0
jielongzhong,
SiavashCS,6.0
FLyingLSJ,61.0
taniyarajani,9.0
SilentStars,15.0
deephub-ai,1.0
mpalaourg,20.0
GuilhemROLLAND,17.0
soumickmj,45.0
noahzn,10.0
JammyL,8.0
xddun,44.0
Lluvia-Tang,7.0
mickymicmouse,32.0
JunsukLee,24.0
gary109,404.0
KaranjotSV,6.0
RajanNV,6.0
Enoch-Zhang,5.0
Gezahiegn,8.0
tigerneil,613.0
junzhouye,5.0
GuHongyang,11.0
GeniusAng,6.0
ilex-paraguariensis,29.0
FCYtheFreeman,7.0
TerYang,65.0
yytang2012,106.0
SMKamrulHasan,40.0
Beitadoge,44.0
ShawnFrost23,23.0
Keezuu,13.0
zhoudaxia233,26.0
mnmjh1215,6.0
xinzcode,5.0
stanlee321,399.0
hz-ants,110.0
DeepLatte,10.0
torchvideo,1.0
Joyce94,30.0
mits58,15.0
Jane-123,6.0
YangfeiLiu,10.0
ricohasgithub,121.0
saeedahmadian,77.0
andreabassi78,19.0
qianyuqianxun-DeepLearning,59.0
NuealYoon,16.0
yoshua133,32.0
JinFree,106.0
kumarvis,17.0
linjx-ustc1106,11.0
dongheehand,15.0
ethandrzb,23.0
Tathagatd96,28.0
ArsenFromCrimea,5.0
rahuldshetty,148.0
grassknoted,36.0
saehan-choi,45.0
rahul-jha98,37.0
douhaoYaz,8.0
wuxiaolianggit,763.0
BJohnBraddock,6.0
cs19b025iittp,2.0
dbbbbm,11.0
marlondantas,47.0
jordan-g,33.0
KNChiu,32.0
nazarblch,28.0
pratikchhapolika,81.0
Thorimus,2.0
hamanhbui,12.0
DateBro,34.0
abhijeetg12,3.0
myay,19.0
ErenBalatkan,17.0
rllelmz,8.0
huiw39,1.0
ehsanik,16.0
yuquanle,79.0
MahdiAbdolmohammadi,16.0
roguh,108.0
digital-nomad-cheng,51.0
SomaNonaka,0.0
kan25d5,9.0
des5ve,7.0
ritwikbera,22.0
dezhili,92.0
Afan227,3.0
hdvvip,100.0
TodoListIOS,9.0
yzfly,41.0
PhilippKitz,1.0
vdivakar,46.0
phanxuanphucnd,87.0
acholston,2.0
williamSYSU,29.0
mangyun,10.0
grimoire,43.0
eric-le-12,20.0
Grzetan,31.0
ORANKWON,42.0
etienne87,34.0
EnrcDamn,23.0
atranitell,21.0
PSCLab-ASU,12.0
Manoj-Kannan,14.0
lmiz100,9.0
BizhuWu,28.0
ChenKaiXuSan,65.0
ANLGBOY,11.0
emptysoal,16.0
SonOfGod777,10.0
yuxwind,53.0
lihsintseng,19.0
DashankaNadeeshanDeSilva,16.0
M-Daniyal-123,15.0
iodriller,5.0
Michael-OvO,21.0
sagnik1511,122.0
oscardpedrayes,13.0
zukangy,11.0
AdityaKarn,50.0
sung0471,24.0
ggxxding,39.0
MogicianXD,26.0
Hsankesara,42.0
phranq0,16.0
rohanath123,29.0
concordiaca,8.0
jefflai108,51.0
claydeman,11.0
vnj64,19.0
phoenix-meadowlark,31.0
mingshaofeng,8.0
vivektyagiibm,3.0
mk-michal,22.0
JihaoLee,
dl19940602,147.0
akihironitta,63.0
ninfueng,41.0
skyf0cker,63.0
shellkore,56.0
RBirkeland,18.0
Mjkim88,3.0
Marvin-desmond,26.0
YiPrograms,78.0
XueJiang16,9.0
SkyfengBiuBiu,25.0
rythei,20.0
TalentBoy2333,12.0
cwangjiang,6.0
arleigh418,21.0
Kiwoo,15.0
kenandaoerdect,27.0
zhiyunl,21.0
jbakermans,7.0
YangXuanyue,20.0
Amitahu,5.0
mousecpn,22.0
clovaai,69.0
Nial4,21.0
yingmuying,375.0
patugosavi,60.0
gathierry,19.0
BenjaminAm,17.0
