username,followers
dragen1860,2995.0
hphp777,0.0
harimaruthachalam,10.0
G-U-N,147.0
Ninzore,58.0
clearlyCoding,0.0
koenry,2.0
zbxzc35,13.0
qiuchili,35.0
ArgoHA,2.0
RuiZhang-ICT,1.0
JASON7033,0.0
LeoWood,12.0
uchida-takumi,2.0
gittygupta,9.0
poppyleo,7.0
manhlamabc123,8.0
kenkimatsumoto,0.0
yururyuru00,5.0
geekyutao,193.0
zheng-yuwei,48.0
ayooshkathuria,712.0
braveapple,9.0
FarukFS,2.0
huohuayuzhong,5.0
mrtunguyen,4.0
LY-Road,2.0
nieosf,0.0
oded282,0.0
Etc170322,1.0
Desein-Yang,14.0
MohsenFayyaz89,102.0
gagansingh894,4.0
billzhaox,2.0
erika1203,1.0
huwprosser,369.0
DanielCoelho112,14.0
ArnaudFickinger,0.0
qq751220449,1.0
visbond,1.0
jralha,10.0
imdsafi09,5.0
jiayongzhang,2.0
pd90506,4.0
LiuLinyun,12.0
xiaohao-lin1,1.0
StonecutterX,2.0
DARK-art108,269.0
junqingchang,18.0
bin-go2011,5.0
1058011747,1.0
rm-rf-me,9.0
IanSullivan,15.0
frozenparadox99,50.0
stevewongv,101.0
yingqing0317,3.0
Honsia,2.0
myxuci,0.0
masora1030,22.0
aqbewtra,4.0
goodhamgupta,93.0
hayashimasa,7.0
BaekKyunShin,129.0
rmehta1987,2.0
sowd,13.0
mklimasz,16.0
plok5308,1.0
QQQQ00243,0.0
tstandley,15.0
BenMueller1,0.0
meiirbek-islamov,7.0
gajdikuka,
dat3814606,0.0
dribnet,444.0
joeljosephjin,5.0
richardvecsey,3.0
ConnorJL,359.0
vinhkhuc,172.0
pranavajitnair,8.0
wk910930,37.0
ajbrock,446.0
satolab12,11.0
holdfire,3.0
ISwordLion,2.0
PoonKinWang,1.0
Hyunmok-Park,0.0
JasonGUTU,129.0
lukemelas,1297.0
lukazaplotnik,0.0
kooyunmo,27.0
ruihangdu,14.0
zhoujx4,81.0
Harryi0,3.0
ChawDoe,0.0
uitae-kim,3.0
JieChenSimon,0.0
AmartyaCSB,3.0
julianstastny,8.0
BruceJust,3.0
alexzhang19,0.0
AMITKESARI2000,27.0
andrewsunst,0.0
aishangcengloua,1.0
Cai-Yichao,5.0
discdetsu,1.0
marcoseraphin,10.0
Oops404,5.0
15101538237ren,9.0
DebasmitaGhose,5.0
vltmedia,6.0
amritasaha1812,4.0
bearbearyu1223,2.0
itmorn,4.0
abhayraw1,30.0
ParsonsZeng,1.0
Prince9403,0.0
ycchen1989,76.0
shuaizzZ,3.0
aru31,79.0
n0obcoder,13.0
NeedC,0.0
undefinedXD,5.0
juntang-zhuang,128.0
bekir23,2.0
xkiwilabs,20.0
HuguesTHOMAS,181.0
mmedlin1997,2.0
yangyuke001,8.0
zwx8981,95.0
wormhole2019,0.0
kunjan-mhaske,3.0
Natsagdorj-Choijilsuren,1.0
jingxu10,10.0
Optimus1072,5.0
SindiLab,7.0
autohe,0.0
Xiangyu-CAS,84.0
R-Fehler,2.0
shumaym,0.0
QCOIN-LAB,0.0
aflah02,210.0
YaddaShang,1.0
waitwaitforget,36.0
Normalist-K,4.0
BodyCSoulN,2.0
js05212,201.0
Yuagilvy,12.0
imkuang,15.0
smj007,27.0
reddy92rosh,0.0
pb2377,3.0
sg-nm,38.0
yifuxiong,0.0
GNN2QSU,3.0
Naagar,14.0
rahulrathnakumar,9.0
jinalharia,0.0
erickingxu,25.0
liteworldz,0.0
binhnd102,1.0
tomdburns,0.0
elzino,41.0
alxfed,22.0
lldustc,0.0
guo-pu,11.0
CODEJIN,120.0
abdulghaffaransari,1.0
DetectionBLWX,0.0
wcl20,2.0
yakunpku,1.0
mengzhu0308,6.0
chengkangck,21.0
wendywlh,0.0
SaiPrajwal95,5.0
Yuuraa,35.0
stephkno,0.0
igeng,2.0
g1wang,7.0
jeongabae,2.0
wilile26811249,37.0
LiYuan199701,1.0
YuBeomGon,2.0
InvictusY,1.0
vy007vikas,76.0
dyhan0920,51.0
henie2333,0.0
mmkekic,1.0
devonsuper,0.0
aaronespasa,21.0
shehuan,204.0
RyanRizzo96,8.0
gplast,5.0
ZdecydowanieNieGrzelczak,5.0
grantsrb,42.0
ahstarwab,4.0
DXNNX,1.0
De4r,0.0
Reza-Pourrahim,6.0
daisyjack,1.0
201419,24.0
cyk1337,48.0
xiong-ml,0.0
Olembo,0.0
Xiehuaiqi,2.0
Ruitao-chen,2.0
HiiYL,41.0
wangwang1125,1.0
IMAC-projects,2.0
kdh0429,22.0
Joseph-Winkle,0.0
KIMI-debug-maker,0.0
liuslnlp,99.0
logarithm27,5.0
jsesr,0.0
hortune,29.0
nakashima-kodai,5.0
George0828Zhang,13.0
Glushiator,2.0
songyouwei,195.0
xiaokai11,0.0
lyp741,8.0
yawen-d,34.0
chinnadhurai,78.0
HenrySchwerdt,2.0
ZiJianZhao,60.0
Dave0x21,2.0
MlWoo,107.0
tabVersion,144.0
LvXueshuai,0.0
vprayagala,1.0
as791,27.0
VictoriousRaptor,4.0
Time1ess,44.0
ziqi-zhang,81.0
ben-mackenzie,1.0
Knight3-code,0.0
fzp0412,0.0
ap229997,147.0
TTdeveloping,4.0
calebl37,2.0
zhangyi-3,27.0
kevincao91,1.0
MarkhamLee,5.0
ZhangMingxin1997,
limberc,166.0
pengyuchen,6.0
kacostello,1.0
lbz2020,1.0
nikheelpandey,15.0
Shrey-Viradiya,52.0
eminem171333491,0.0
holmdk,25.0
Teun-Schuur,2.0
bnicholl,4.0
Eureka-JTX,
JindongJiang,33.0
NitzanHod,0.0
hunkim,3910.0
itrusteyou,0.0
dayekuaipao,3.0
matsengrp,13.0
HollrayChan,4.0
jas-nat,3.0
Riadh-B,0.0
guolinbuaa,0.0
saidalfaraby,7.0
HarryVolek,16.0
Advaiit,0.0
gormlai,17.0
vohoaiviet,44.0
adaamm,9.0
vivanov879,47.0
zllrunning,337.0
HengyiWang,64.0
chun8933,0.0
KnurpsBram,5.0
chenz97,2.0
heathcliff233,7.0
JJASMINE22,6.0
ajinkya98,3.0
Codelegant92,12.0
leognha,0.0
leichenNUSJ,1.0
mzhang367,8.0
Hauf3n,4.0
Karthik-Ragunath,1.0
Donghwa-KIM,33.0
abhilashabhilash3,0.0
whywww,29.0
mcculloh213,4.0
haochen23,12.0
espectre,47.0
nishant1995,5.0
bartonlin,1.0
emojilearning,9.0
oshima-yoppi,2.0
tensorinfinitysip,0.0
huiguoo,4.0
Arseni1919,10.0
samsungexpert,1.0
tejash21,0.0
ppx-hub,11.0
pcmin03,1.0
elcolie,27.0
AnjieCheng,92.0
nmnsharma007,10.0
iamrishab,11.0
Hoshi-masahito,0.0
abzb1,4.0
david990917,109.0
martinwhl,10.0
Sebastian514,3.0
JamesWang007,3.0
bottlecapper,0.0
yusonghust,
eugenelet,41.0
bamasa,2.0
jiajunhua,0.0
Huanghongru,34.0
kokurisann,0.0
hliangzhao,240.0
dongyang2,0.0
SteinsGate9,3.0
fcorencoret,0.0
ali2009a,0.0
1587257781,0.0
diabhiue,2.0
Pragjnesh,0.0
MNaplesDevelopment,1.0
jameschengpeng,9.0
Spiffical,5.0
keyu-tian,164.0
aditya12agd5,21.0
jama1017,55.0
siyaroner,2.0
AEMARV,0.0
aertist,11.0
ChiragJindal21,0.0
nebula-beta,97.0
Major357,1.0
pdefusco,19.0
AtalsKim,0.0
samggggflynn,8.0
chagmgang,74.0
zjcs,1.0
RizhaoCai,50.0
hiroyasuakada,8.0
nicknochnack,10071.0
w00zie,20.0
pahung1999,0.0
collector-m,5.0
8yrce,0.0
abhinav-bhardwaj,36.0
davidtvs,61.0
prismspecs,38.0
lixiangbao,0.0
y3sar,9.0
Riretta,12.0
Swag-tb,1.0
Alexiland,1.0
WeidongLi-KG,10.0
xiaywang,10.0
mightydeveloper,68.0
VissageMo,1.0
LewisHS,1.0
Technologia-X,0.0
SWKoreaBME,12.0
leoriohope,0.0
vidursatija,97.0
domisProgrammingMemes,0.0
Shimwonhyung,0.0
safwankdb,49.0
michaelfedell,30.0
SeHwanYoo,4.0
thegyro,11.0
wzg16,0.0
LiYangSir,25.0
rskmoi,8.0
tochilkinva,5.0
curaai,27.0
jweig0ld,12.0
hiepbkhn,3.0
Doragd,469.0
PPhub-hy,1.0
PeterKillerio,
goldenbili,0.0
hkhpub,25.0
gireeshkbogu,34.0
nudibranc,0.0
r4ho,0.0
HadasBabayov,0.0
Spijkervet,354.0
swt-user,5.0
annadapb,1.0
mtiezzi,11.0
MMorafah,26.0
thaoshibe,122.0
r4ghu,58.0
antihutka,3.0
mlexample,3.0
iliathesmirnov,0.0
luninsun,0.0
Lyken17,879.0
snowflakewang,2.0
VIPL-Audio-Visual-Speech-Understanding,25.0
laredein,2.0
huyvnphan,26.0
Gaozhongpai,29.0
huangtao36,6.0
Nebula4869,27.0
hieubkvn123,13.0
hwangtamu,29.0
congffu,12.0
dsp6414,8.0
z-bingo,91.0
HanshuYAN,20.0
cjearce,0.0
machiredd,0.0
callmewenhao,9.0
qiaosiyi,39.0
romulus0914,26.0
kaiyaointel,
devbruce,8.0
YueWenjun,3.0
lhsheild,2.0
MKowal2,10.0
tomron27,0.0
sgrvinod,1149.0
krishnan-meep,12.0
andrew-bydlon,0.0
Wangt-CN,187.0
zmurez,17.0
yjh0410,335.0
martinobdl,27.0
heming-zhang,14.0
zhangjh915,10.0
glennglennglenn,0.0
djosix,118.0
NIRVANALAN,65.0
philipjball,61.0
pratyush-1,8.0
iArunava,410.0
mrGreat1110,0.0
hiyouga,1151.0
sneha0401,1.0
chrockey,54.0
bnusss,19.0
shinoyuki222,5.0
tqxli,7.0
cc97nitu,1.0
RohauerRobotics,3.0
MaximumEntropy,229.0
KonroyZhu,5.0
EthanRosenthal,318.0
songrise,37.0
summary-GodBlessYou,0.0
AdarshK1,2.0
ml-illustrated,4.0
deoelvenmage,1.0
fanq15,92.0
lpj0,32.0
shubhamjn1,38.0
hisham-kottayil,0.0
WHDY,4.0
yoonsanghyu,32.0
zimengq,18.0
qwqw1314,6.0
yaox12,68.0
aeadod,0.0
ZiqiChai,27.0
xz6014,9.0
ColinKohler,14.0
phohenecker,28.0
JuheonYi,29.0
VishalBalaji321,3.0
shivasanketh-rm,2.0
bbidong,4.0
hefan1,1.0
abidikhairi,4.0
IdanAzuri,6.0
ZhichaoOuyang,3.0
minar09,134.0
security-softwares,
ytZhang99,34.0
quking,1.0
shanemankiw,18.0
rushiv0609,0.0
clw5180,49.0
ZrcLeibniz,1.0
jaehyunnn,27.0
ooooooooe,12.0
Ram81,119.0
nin-yu,1.0
shengteng19,0.0
Dot8Pixels,0.0
MatthewCaseres,32.0
SatoKeiju,5.0
Gavin0203,1.0
kevinkbc,3.0
evavanrooijen,1.0
chenyuntc,2103.0
obijzbo,6.0
ZengyuanYu,11.0
alejands,2.0
shufanwu,7.0
schelotto,18.0
ntkhoa95,13.0
Huang-rookie,0.0
rileyblack,1.0
IzzyBrand,25.0
xvdp,6.0
aiff22,139.0
hghimanshu,5.0
WangYuzhen1996,6.0
ShawK91,44.0
pyaf,235.0
xolbynz,7.0
yourFriendlyNeighbour,0.0
SapanaChaudhary,12.0
juni-lee,0.0
Eedvard,0.0
KuoHaoZeng,40.0
LiliMeng,62.0
lihao2333,22.0
kawori,2.0
YuehChuan,69.0
jiayi9,11.0
hanzlfs,11.0
odegeasslbc,59.0
wangxianrui,5.0
FangShuheng,3.0
lnhutnam,70.0
ligerfotis,14.0
BlackyYen,
ishine,104.0
Jw-Jn,10.0
KarimElshetihy,6.0
rohitvk1,
YimingZzz,0.0
tamtzehei,9.0
Desa1egn,0.0
AlanJacob97,0.0
JoonyoungYi,53.0
vidyadhariGithub,0.0
VecihiAsim,0.0
1219521375,21.0
jusque-a-la-fin,0.0
SukerZ,6.0
andyguo666,4.0
AnnYoS,2.0
SummerHuiZhang,27.0
Shenyve0101,0.0
DavideA,103.0
tristandb,16.0
yashpansari,4.0
young31,21.0
yaoyi30,12.0
EnzeXu,6.0
HsiaX,0.0
v0lta,66.0
CS4445-JasonDykstra,0.0
m12sl,19.0
dkp1903,105.0
Ninebell,12.0
yshiyi,2.0
ArtyZe,39.0
thesuperorange,4.0
neuece,0.0
SwayambhuNathRay,3.0
wolverine28,5.0
Learner0x5a,43.0
yinizhizhu,35.0
sobikaa,1.0
The-RunningSnail,0.0
milindmalshe,107.0
marsolo93,0.0
DragonChen-TW,16.0
krumo,60.0
hsuchengmath,7.0
Jintao-Huang,26.0
jiantenggei,8.0
liulai,1.0
dollarkillerx,103.0
sdecoder,0.0
hyungminr,2.0
maxwellzh,20.0
zhengfangwu,3.0
zxy317,0.0
ACVAE,0.0
ha2sd,0.0
Subhasom,0.0
mrcgliu,
suraj-maniyar,27.0
dailai,4.0
agrechnev,11.0
johnny-walker,0.0
goldhuang,3.0
Pokemon-Huang,1.0
Billijk,20.0
RuurdBijlsma,34.0
kaixu-zen,
elliotbeck,10.0
Movahe,1.0
Interesting6,7.0
AIFanatic,6.0
ddiddi,7.0
yuezuegu,0.0
MauiDesign,6.0
sihamdmostafa,18.0
erikreppel,95.0
syys96,6.0
neetmehta,0.0
t-vi,595.0
CuriousCat-7,18.0
cainspencerm,3.0
pr1266,54.0
evgen32cd32,2.0
Shawn-Guo-CN,58.0
johnhany,94.0
vimarshc,10.0
bigdatasciencegroup,42.0
mansikataria,4.0
Windxy,24.0
WildCatFish,3.0
zsef123,38.0
AndreaCossu,75.0
Schwolop,19.0
EderSantana,684.0
ferpar,6.0
plweegie,3.0
ml-lab,11.0
skmhrk1209,45.0
bo-10000,8.0
leimao,3494.0
LoredCast,4.0
s-chh,1.0
shahuzi,0.0
zhiyou720,8.0
matthewfeickert,286.0
shubham1810,220.0
RayTeen,0.0
dongwhfdyer,2.0
Pablo-163,0.0
tnakae,19.0
ZhZhang711,0.0
fengye-lu,2.0
Lkruitwagen,94.0
edwardning,5.0
rensutheart,4.0
vinesmsuic,73.0
mruberry,63.0
MagaliDrumare,17.0
github-pengge,67.0
KhalilWong,4.0
ralcant,3.0
moaz-elesawey,2.0
smitheric95,10.0
AnantVijaySingh,1.0
tonysy,227.0
HiroForYou,18.0
Averyyy,8.0
DGenady,0.0
siniphia,3.0
ShreyDixit,4.0
brian-you98,1.0
skrish13,98.0
ian-jihoonpark,5.0
mashagua,0.0
miraclewkf,148.0
zhsaile,0.0
maggeek,12.0
charliehpearce,6.0
Zoesxw,2.0
jcheunglin,2.0
HopefulRational,2.0
data-race,2.0
stabgan,27.0
thydeyx,0.0
flarelink,4.0
youzunzhi,5.0
zheyejs,0.0
yl-1993,183.0
YOUSIKI,121.0
satyakrishnagorti,23.0
Ri0S,0.0
wakandan,24.0
AryanSarswat,3.0
MaskedIsland,2.0
leonoravesterbacka,5.0
Jiajun-Liu,7.0
sovit-123,101.0
jonnedtc,5.0
seanywang0408,48.0
YWHyuk,12.0
IVPLatNU,20.0
yeyanan93,1.0
Wengnianbiao,1.0
chenzyhust,0.0
hei4,3.0
Kodamayuto2001,39.0
mzamjadi,10.0
ccoltong1215,1.0
deepnetni,0.0
sebaF96,31.0
xhzhao,22.0
PrimadonnaGit,13.0
jvlk,0.0
ksadowski13,3.0
AyadAlmamary,1.0
lyl7650,0.0
LucasVandroux,27.0
DableUTeeF,6.0
mlpotter,56.0
7689000,1.0
millermuttu,3.0
GerogeZhi,2.0
CharlesNord,22.0
jettify,257.0
aqc112420,6.0
UncleThree0402,31.0
FurkanYlmz97,9.0
Andrey885,0.0
HYU-GradProj,0.0
mohdumar644,7.0
jxm6165,2.0
adityarp9,6.0
AdityaVashista30,1.0
w452144816,3.0
lgalke,56.0
weiyangfb,11.0
HuangLongji,0.0
pei-hsin-chiu,1.0
SWHL,66.0
BarCodeReader,9.0
AICommons,0.0
DocF,36.0
arnoweng,58.0
kehuantiantang,2.0
tiruota,1.0
martinetoering,9.0
rschwarz15,0.0
ShaoXiang23,3.0
faportillo,0.0
jxgu1016,76.0
DrTang2000,0.0
pyxploiter,27.0
MMU-VisionLab,0.0
qq249356520,0.0
liucongg,474.0
nickiteks,5.0
BurnhamG,0.0
VincLee8188,14.0
Anubis7th,0.0
yutayamazaki,12.0
oskin1,78.0
long123524,25.0
adipandas,57.0
pradeepsk-23,0.0
assafge,2.0
woojoo99,
krisuety,21.0
splionar,8.0
NULL-2019,0.0
suolyer,35.0
nicoyang-21,1.0
koptelovmax,1.0
Shivali121327,9.0
Chaanks,5.0
fedetask,27.0
nriteshranjan,11.0
cocoakang,39.0
cxiang26,11.0
Jaela-C,0.0
mengzhangjian,7.0
mf1024,25.0
xouan,0.0
MMSS9402,1.0
yumening7,0.0
yearing1017,80.0
shizhediao,242.0
amirmallak,1.0
naiveHobo,197.0
chnsh,22.0
EthanJYK,3.0
apsarath,43.0
wadmes,17.0
lz1159435992,3.0
LizzieTang,1.0
rohitgajawada,56.0
rgibbonp89,0.0
FredaWerdiger,1.0
yanjingke,2.0
jain-avi,3.0
Syavaprd,0.0
ahnan4arch,37.0
JackHCC,219.0
Bil369,27.0
ramjv,1.0
spkywood,8.0
socar-serena,0.0
Lc-1024,11.0
StephenStorm,2.0
xinshuoweng,722.0
Nakanoma,0.0
loui0620,2.0
theidentity,13.0
Marwanmhks,3.0
torch-points3d,29.0
CarterMcClellan,3.0
martius-lab,16.0
ty625911724,10.0
immortal-shuan,2.0
jtlai0921,14.0
trieutranq,1.0
goksinan,3.0
tangruofeng,0.0
tangshengeng,10.0
amnsr17,0.0
AiMizuno,1.0
eqy,60.0
Pradip-Kathiriya,6.0
GermanPaul12,8.0
VisionSystemsInc,4.0
percent4,402.0
duc-ke,3.0
dhruvvpatel,0.0
codtiger,27.0
AuCson,75.0
mesmerx,21.0
Dzautriet,2.0
cross32768,16.0
zhaoyuzhi,115.0
yuxwhkbu,
pangkun248,2.0
jaroslaw1007,7.0
jhlee17139,1.0
ConorLazarou,
Haruka0522,19.0
nslay,7.0
Mahsa13473,0.0
DongKeon,18.0
crafter-z,0.0
c1rew,5.0
satya77,22.0
Ovikx,7.0
ROCmSoftwarePlatform,461.0
RonKbS,7.0
rohithkumar282,2.0
curtdissel,0.0
aitorzip,233.0
HuzaifaToor,0.0
YeonwooSung,41.0
randalong,0.0
zcemycl,64.0
happyConan,0.0
jaegpark,56.0
ModelBunker,1.0
Momilijaz96,43.0
Vipermdl,66.0
linksense,9.0
carlosdcastillo,8.0
austindelatorre,3.0
ShaoQiBNU,113.0
Smallflyfly,6.0
prateekm08,25.0
pirunita,30.0
kenshohara,253.0
sarvesh211999,17.0
raheelqader,1.0
OniroAI,1.0
Hung-Ta-Chen,1.0
NoyMoreno,0.0
ndb796,3711.0
TheRealBaka,15.0
tedhuang96,16.0
erikqu,15.0
traveller59,396.0
Mystiking,7.0
Unicorn-acc,3.0
Nihal987,2.0
SyedaSakinaZaidi97,0.0
Mark-Sang,0.0
Strideradu,41.0
xiaohuihuichao,6.0
anushmite,0.0
CheQiXiao,1.0
Sunbaoli,5.0
Neeti-Jain,0.0
mabirck,72.0
adapa160,0.0
swatisingh45,18.0
ijinjay,23.0
qinhaihong-red,2.0
samx97,0.0
VHCC,13.0
supernotman,15.0
singularity014,5.0
goys94,0.0
zhaort,0.0
MIV-Group,4.0
ashawkey,1466.0
PengBoXiangShang,360.0
erilyth,535.0
dalgu90,91.0
luuuyi,115.0
aksenventwo,5.0
ki-ljl,330.0
AleX77NP,46.0
a7031x,12.0
nghiahhnguyen,49.0
Keillion,6.0
wzwtime,1.0
meizaguirre86,1.0
georgeyiasemis,22.0
AishuaiYao,1.0
y0ast,349.0
liuyundong-2020,5.0
YZJ6GitHub,2.0
allanj,151.0
danielzgsilva,5.0
tachillon,2.0
GeneralLi95,46.0
randomMatrix77,0.0
NguyenThanhAI,4.0
kikizxd,3.0
henrypowell87,7.0
Xiangyi1996,28.0
ammar885,0.0
wtergan,4.0
mathamp,1.0
heojae,11.0
Ninoko,2.0
vedantbonde,2.0
DongSky,121.0
renatoviolin,177.0
chengsen,15.0
codinglover-Noman,2.0
ZhenyueQin,
lantgabor,0.0
sckim0430,1.0
SAGNIKMJR,22.0
Chung-I,62.0
Flo11,2.0
TheInfamousWayne,0.0
pprp,592.0
TLampr,3.0
wangqs97,0.0
peterzhang2029,3.0
finnickniu,11.0
589hero,11.0
SunnerLi,108.0
shaynaor,18.0
zhtjtcz,61.0
rasbt,19713.0
Joejiong,18.0
gongyongkang,0.0
dixiyao,27.0
kogans1107,0.0
kiddliao,5.0
jweir136,1.0
MacJim,19.0
takeru1205,4.0
LJKS,0.0
filipwinzelllth,
DebeshJha,119.0
ahmedfadhil,17.0
crcastillo,0.0
Luhaozhu,0.0
wutianyiRosun,94.0
fan-linhao,0.0
wilkice,7.0
sfc-computational-creativity-lab,12.0
beomgonyu,0.0
gazeai,3.0
jrobertojunior,25.0
yqy,5.0
ImKeTT,43.0
caganselim,28.0
liaomingg,1.0
takmin,93.0
wizard1203,47.0
jianzhangcs,287.0
scottjiao,9.0
J094,11.0
Vin-Xi,0.0
sssharaf,0.0
SSARCandy,150.0
mxl1990,3.0
zack-yu666,0.0
sheepover96,13.0
antonyvigouret,2.0
arvention,45.0
onlytailei,560.0
wnsgur1198,0.0
brainsoft-ai,3.0
yyashkir,2.0
Blue-Giant,5.0
xu3kev,44.0
June01,19.0
givenone,21.0
Keiku,151.0
taowenyin,13.0
zhenshen-mla,9.0
makifozkanoglu,12.0
CurtesMalteser,14.0
inkplatform,0.0
csjiangwm,1.0
dmkaner,4.0
KostasTok,3.0
bsh0137,0.0
zsypotter,1.0
lucky7323,18.0
Xylambda,16.0
diaomin,16.0
rplzzz,26.0
leeesangwon,25.0
limingcv,9.0
yerimoh,33.0
os-hxfan,28.0
karascr,29.0
bhuminiecki,7.0
bob831009,1.0
Andr1u5,0.0
ElliottYan,20.0
ZhiwenShao,66.0
DoganK01,64.0
Logan-Lin,43.0
jewfro-cuban,0.0
nikhilbudathoki,19.0
Maggiking,
as595,28.0
NanWuIT,1.0
swarnadeep8597,7.0
BannyStone,13.0
MightyRaccoon,1.0
wangzhengy,0.0
Sandbox3aster,29.0
Avi197,5.0
masonmsh,3.0
adaliuBC,2.0
puririshi98,17.0
Immortals88,3.0
shambhavimalik,4.0
nikhilbarhate99,167.0
shaoeric,27.0
jjgarau,11.0
AtmegaBuzz,177.0
yasin624,15.0
apacha,117.0
bliunlpr,6.0
ycjing,157.0
arnab39,78.0
ouening,17.0
boluochuile,0.0
GlassyWing,106.0
ShanksVision,0.0
ElifCerenGok,2.0
nuaazs,24.0
PhotoWolf,0.0
Rahul250192,0.0
Abhipanda4,28.0
Di-Weng,7.0
undertherain,23.0
chaozhong2010,23.0
MVIG-SJTU,98.0
thanhhau097,101.0
yy1401,0.0
delira-dev,0.0
HoldemGK,3.0
ramsRahim,8.0
b53k,2.0
wangmengsd,65.0
reetc,0.0
Xiaoctw,1.0
gpauloski,25.0
Wayho,1.0
edwardwterry,1.0
salmanmaq,34.0
shreyas-kowshik,91.0
reshow,6.0
Ravitha,3.0
bellchenx,37.0
vvagias,3.0
thuyngch,211.0
tienluongngoc,36.0
AhmetFurkanDEMIR,223.0
hibagus,8.0
Kumarabhi666,0.0
LYoung-Hub,2.0
LennonLau,0.0
Jen-Jon,
wfraher,4.0
weibifan,7.0
Uchiha-Hieu,0.0
anuj27596,4.0
ashuuuriii,0.0
mimbres,56.0
yjt2018,1.0
iShohei220,8.0
hrzlmx,
nikunjlad,49.0
GenoZhang624,0.0
wangjl-nju-2020,0.0
Aismarter,1.0
kxgong,6.0
aasharma90,27.0
JerryJack121,9.0
stoneyang159,11.0
Julia-Run,
mollerhoj,42.0
iskovskikh,2.0
diggerdu,248.0
Kitware,441.0
opatrickchen,0.0
wenzhilong,0.0
captain-pool,187.0
elliottzheng,317.0
romainVala,12.0
Lorenzoncina,9.0
ryujaehun,30.0
jingjin25,27.0
izmailovpavel,176.0
shimon-c,0.0
mcgoughlin,6.0
whzhangg,7.0
SethurajS,0.0
UditSinghParihar,27.0
yipersevere,
lt-asset,2.0
mtliba,15.0
Conzel,10.0
ghnreigns,11.0
sreenithy,7.0
nikcheerla,46.0
tobyshooters,49.0
zoe0919,0.0
hsur753,5.0
RorschachChen,9.0
yueqiw,11.0
IFADA,1.0
anexplore,9.0
justusschock,226.0
dongzhuoyao,84.0
Wayne122,1.0
MayankSingal,47.0
amitmeel,5.0
txrc,13.0
zzzzzzzzzzzzz,5.0
AmitNativ1984,1.0
JohnNehls,2.0
steveowk,2.0
ixn872,3.0
guilhermedrud,5.0
SeanLee97,303.0
Mayukhdeb,145.0
dnlcrl,106.0
borhanreo,11.0
vyraun,178.0
sechetbot,0.0
billtubbs,28.0
XieYuanfeng,0.0
Gerryflap,18.0
Wredter,3.0
hurxx018,0.0
Kevin-JisuKim,3.0
developer0hye,192.0
BaoWentz,2.0
changyu98,0.0
laubonghaudoi,102.0
Gvence,4.0
rayankrish,16.0
salmedina,41.0
BigChungusDaddy,0.0
km-uchino,0.0
m0sys,11.0
yoonhero,39.0
biyoml,1.0
crane719,0.0
MaximeAeva,7.0
shivanisrivarshini,0.0
SDU-MagicMirror,0.0
ymitiku,24.0
baroibeo,0.0
JimLee1996,42.0
VegetablesMaster,1.0
shreyas0906,15.0
Xiaoqiqiyaya,0.0
Ugenteraan,51.0
wjdghks950,28.0
SaralaSewwandi,1.0
zhanghang1989,2147.0
InformationRetrieval-Hongik,0.0
jkr26,13.0
JoursBleu,2.0
JimpeiYamamoto,5.0
LuisEstebanAcevedoBringas,6.0
Jason0917,1.0
D0miH,24.0
MoMe36,15.0
kirant1008,1.0
rolambert,7.0
juun9714,7.0
Michael5467,0.0
AmanPriyanshu,87.0
nradair,1.0
paulosestini,21.0
Rubiksman78,33.0
pshlego,3.0
jerryyyyy708,3.0
SpeedOfSpin,1.0
hrxorxm,51.0
kose,0.0
chriszhangwj,0.0
sevenzero70,1.0
CamiWilliams,688.0
mrkieumy,6.0
rachelpeichen,2.0
Zchhh73,1.0
cdschtz,11.0
AnuExMachina,0.0
Natsu6767,102.0
BUAAChuanWang,2.0
yukkyo,56.0
Kongsea,51.0
jang1suh,0.0
qilei123,0.0
MINGG2333,0.0
hughian,2.0
AiueoABC,2.0
iffsid,43.0
chlee1983,0.0
batuhan3526,22.0
Sunda233,0.0
rimusa,9.0
foamliu,501.0
otzslayer,12.0
STK101,6.0
Sudhanshu1304,23.0
Animesh-Chourey,0.0
zihaog0724,2.0
And1210,7.0
bigmb,57.0
naveen-hyperworks,0.0
Chen-Junbao,5.0
eveningdong,52.0
daveboat,3.0
sumanth0892,4.0
Youngjae-Lee,1.0
JunMoLee,2.0
tfmoraes,34.0
9bow,199.0
chuliuT,14.0
gdelacruzfdez,7.0
Thepnathi,25.0
ihollywhy,27.0
kurudj,4.0
xelahalo,7.0
boringleric,3.0
siddhanthaldar,61.0
wwz58,0.0
joshuwaifo,2.0
simotumoz,0.0
bioinf-mcb,10.0
ldeecke,27.0
hs366399,1.0
preduct0r,0.0
cfinlay,35.0
tqlong,79.0
wang678,3.0
Chronocook,6.0
danielkelshaw,28.0
tomguluson92,145.0
voidbag,6.0
AJingshou,2.0
OctopusLi,0.0
14472506,0.0
keapoa,2.0
ntlm1686,4.0
humblemat810,2.0
youssefshoeb,2.0
mingminzhen,12.0
MaxandYuki,0.0
polasha,1.0
alantanlc,24.0
muratonuryildirim,3.0
UCI-ML-course-team,0.0
arielkuong,5.0
rayan-yu,5.0
CeasonCui,15.0
SnowIsWhite,2.0
VedantGhodke,25.0
ranjitation,0.0
sadhana1058,7.0
HsLOL,25.0
kir3i,12.0
TheArheus,1.0
freezinghands,6.0
milleniums,49.0
gigantenbein,3.0
Bovbene,2.0
experimenti,3.0
1zuu,
arynoviyanto2,0.0
benlin131020,0.0
quaziadib,11.0
BoriaK,0.0
otenim,28.0
mehdi-mirzapour,13.0
ik9702,0.0
MIVRC,20.0
rehohoho,5.0
PouringRain,12.0
taoyang1122,34.0
ChungYi347,13.0
probtorch,1.0
cjwcommuny,23.0
stuartnankai,3.0
Bugdragon,25.0
Machine-Learning-And-AI-Projects,1.0
mmk-ai,
assafshocher,82.0
yashbelhe,3.0
lucabergamini,20.0
tabularasa066a,1.0
pranjal2410,36.0
winston-lin-wei-cheng,4.0
ShomyLiu,124.0
Linardos,15.0
yeeeqichen,43.0
daomengkiller,2.0
meder411,44.0
packyan,16.0
NaturezzZ,101.0
NickyLam,1.0
EliasPapachristos,20.0
nxu96,12.0
gicsaw,4.0
Chaiyanchong,0.0
machine-perception-robotics-group,23.0
rg321,0.0
mohak1,20.0
Yaoyuanzhou,13.0
chakam1307,
djycn,0.0
ugin331,7.0
langmanbusi,13.0
anujdutt9,314.0
mingman514,3.0
pbehjatii,8.0
galidor,13.0
SeoLabASU,0.0
MohitJuneja,1.0
AlanGacihi,2.0
railiavaliullina,0.0
tanreinama,89.0
pedrob37,4.0
maingoc1605,0.0
NateThom,7.0
st186,31.0
SaliencyDetection,1.0
bhushan23,82.0
julian-8897,5.0
yuniktmr,1.0
SijmNoteboom,0.0
ChenZhouUC,2.0
ChenWentai,5.0
ElHouas,1.0
gautam-sharma1,4.0
zhenghao977,25.0
jiesutd,745.0
yaoceyi,0.0
hyeonjames,14.0
Derpimort,8.0
dingjun6953,0.0
ppva,5.0
Finterly,0.0
good5dog5,14.0
alex-lechner,20.0
HAOLI-TUKL,28.0
sharathmaidargi,0.0
SpikeKing,2267.0
smiler96,23.0
Premkumar7090,0.0
mindingyao,1.0
moqi112358,3.0
lucasroitman,
zhuodannychen,18.0
XingruiWang,15.0
Awcrr,79.0
jhhuang96,24.0
soeque1,47.0
ashishjv1,3.0
myungsanglee,3.0
zinsmatt,13.0
furkancoskun,6.0
Lornatang,265.0
setyongr,55.0
tomelf,7.0
wb014,0.0
sicong-huang,1.0
LiaoWC,13.0
qarchli,3.0
futureisatyourhand,23.0
terrorizer1980,41.0
trisha025,4.0
Ikomia-hub,14.0
maheshambule,4.0
KanghoonYoon,24.0
branislav1991,10.0
LeifYaoYuXiang,26.0
BillSam,1.0
cypw,260.0
rohan1561,0.0
gilisho,10.0
shruti2126,1.0
DawnHH,6.0
3rd-Musketeer,3.0
wenleix,71.0
frechele,53.0
kumar-shridhar,424.0
lienguang0624,0.0
zhenming33,10.0
elvisyjlin,107.0
vence-andersen,0.0
yunbattle1994,6.0
conebot,0.0
ceisenach,9.0
aloomya,19.0
ryanquinnnelson,8.0
Rozi1,1.0
clcarwin,143.0
polyuxdq,3.0
tori22,5.0
DerekGloudemans,25.0
kobykotiv,9.0
threewisemonkeys-as,57.0
yhung119,10.0
abdxxw,7.0
Samuel-Bachorik,8.0
Bigpig4396,65.0
asdf93074,2.0
TobiasDing,0.0
RenaLu,1.0
chengjie11,2.0
tollymune,0.0
mario-rot,
ChenEating716,15.0
dreamplus1989,0.0
coldhenry,6.0
dalinvip,615.0
HuipengXu,44.0
ljwa2323,1.0
aykutfirat,11.0
ronithbinny,0.0
zzsdsgdtc,1.0
semin-park,9.0
mgharbi,156.0
keep-steady,13.0
ChunjieShan,7.0
MoaazAbdulrahman,2.0
hankniu01,5.0
vujadeyoon,6.0
KellerJordan,44.0
comeeasy,15.0
fatemehadadi,1.0
sabirdvd,2.0
weizhou-geek,109.0
huiqu18,16.0
zonghaofan,8.0
Xingxiangrui,37.0
ji-in,20.0
echurch,2.0
juderoque,2.0
biditdas18,1.0
abhishekyana,19.0
tulacik,0.0
EgOrlukha,7.0
NoOneUST,5.0
tscianmarello,0.0
CreeperLin,50.0
JasperGA,2.0
zym1119,24.0
Sarthak-22,19.0
xiuyuan0216,4.0
lighTQ,3.0
CestLucas,1.0
V-ea,6.0
AndyPhoenix9879,
tpbarron,20.0
chriselrod,225.0
YooJiHyeong,6.0
minhna1112,8.0
RolandGao,8.0
SJ-Chuang,0.0
quantbruce,12.0
omerunlusoy,3.0
t107598066,0.0
doduythao,0.0
mikekutzma,2.0
tszdanger,31.0
Dawnstar8411,9.0
KarhouTam,54.0
jungwon1413,12.0
Ed-gong,0.0
rshormazabal,8.0
interactivetech,46.0
DeepInEvil,20.0
haotian-liu,1045.0
NSpil,1.0
LongLong-Jing,39.0
dourgey,14.0
gclausen0272,1.0
ainrichman,11.0
Cynthia-shi,0.0
tien02,15.0
PacktPublishing,10499.0
Grand251,3.0
psu-epl,2.0
clvrai,68.0
tewei,4.0
xueleichen,17.0
Allen2401,0.0
2000ZRL,12.0
AgnesNM,20.0
ptklx,2.0
rczhen,2.0
cmFighting,10.0
kevalmorabia97,103.0
victorist,5.0
nurpeiis,24.0
KoryBurns,1.0
TreezzZ,59.0
danielliucs,20.0
CalumMacLellan1995,0.0
eran505,1.0
pharrellyhy,7.0
leichtrhino,10.0
Sayantan17,8.0
ssss1029,17.0
Chifffa,7.0
elonashatri,31.0
GilbertoCunha,18.0
huzi96,70.0
1079863482,15.0
rowantseng,2.0
lingchuL,7.0
koochak-mehdi,0.0
HideOnHouse,8.0
long95288,7.0
WBGZDTSL,1.0
tivandic,0.0
hagerrady13,51.0
ferisetiawan,1.0
TahsinPavel,1.0
pjdevs,11.0
HopLee6,16.0
SSusantAchary,13.0
ydon1111,2.0
xk-huang,86.0
muhmaz3,2.0
hihiendru,0.0
vdecaro,32.0
zhangzihaokev,1.0
SagarGuttal,7.0
Munggoose,6.0
xChiri,1.0
mattresnick,0.0
Sbaig3229,10.0
dlgyy,0.0
omrahul,0.0
QAQgc,1.0
RimDan,7.0
tomershay100,1.0
kalviny,21.0
karoly-hars,8.0
cthurston-clgx,3.0
Hui-Li,36.0
enterpine,1.0
DaehanKim,37.0
DesperateMaker,1.0
MouxiaoHuang,11.0
lorrywu,0.0
ShivaKondapalli,1.0
alekseynp,22.0
VikHerr,0.0
tuananh1007,8.0
cccshuang,9.0
HyperGDX,1.0
jiangszzzzz,3.0
dulayjm,12.0
bugsuse,169.0
KevinChen1994,6.0
suilin0432,14.0
JoKerDii,48.0
Yukiyousa,22.0
CAM1113,0.0
Knight-Antonio,1.0
Geonhee-LEE,221.0
XuLongjia,0.0
jillnano,3.0
sjwright90,8.0
sunlanchang,33.0
SunYW0108,5.0
Yogurt2019,0.0
sofiacatalan,5.0
kawhidiot,
chuanli11,144.0
White1973,2.0
zhouruikun,2.0
GeoZcx,71.0
2KangHo,29.0
ducminhkhoi,63.0
chLFF,1.0
suyashjoshi,0.0
cspartalis,9.0
codes1gn,5.0
pengfe2017,1.0
Ivanaluo,
lramach,1.0
lembolov9,0.0
karlosdb,0.0
vakkov,3.0
Smorodov,270.0
souravsingh,113.0
NehaJSarnaik,0.0
yangyang-nus-lv,13.0
Jiangshan00001,16.0
aayushs879,9.0
Ren-Yaqian,2.0
Fuyi-Yang,0.0
jiaxiang-cheng,104.0
SeanCho1996,5.0
LiuXinyu12378,14.0
Elain-q,0.0
zhulf0804,194.0
tuladhay,3.0
WageningenKing,0.0
bollakarthikeya,7.0
Silent-voice,1.0
KongBe1999,2.0
Lan-ce-lot,48.0
beni045,1.0
nmd-2000,
mswzeus,0.0
jielongzhong,
SiavashCS,2.0
FLyingLSJ,31.0
taniyarajani,2.0
SilentStars,7.0
deephub-ai,1.0
mpalaourg,32.0
GuilhemROLLAND,3.0
soumickmj,27.0
noahzn,20.0
JammyL,8.0
xddun,2.0
Lluvia-Tang,0.0
mickymicmouse,5.0
JunsukLee,2.0
gary109,8.0
KaranjotSV,2.0
RajanNV,1.0
Enoch-Zhang,0.0
Gezahiegn,0.0
tigerneil,427.0
junzhouye,0.0
GuHongyang,12.0
GeniusAng,1.0
ilex-paraguariensis,0.0
FCYtheFreeman,4.0
TerYang,0.0
yytang2012,9.0
SMKamrulHasan,3.0
Beitadoge,2.0
ShawnFrost23,0.0
Keezuu,2.0
zhoudaxia233,38.0
mnmjh1215,11.0
xinzcode,4.0
stanlee321,39.0
hz-ants,15.0
DeepLatte,4.0
torchvideo,1.0
Joyce94,32.0
mits58,3.0
Jane-123,0.0
YangfeiLiu,0.0
ricohasgithub,52.0
saeedahmadian,4.0
andreabassi78,30.0
qianyuqianxun-DeepLearning,7.0
NuealYoon,5.0
yoshua133,2.0
JinFree,61.0
kumarvis,3.0
linjx-ustc1106,20.0
dongheehand,28.0
ethandrzb,0.0
Tathagatd96,26.0
ArsenFromCrimea,0.0
rahuldshetty,70.0
grassknoted,37.0
saehan-choi,6.0
rahul-jha98,118.0
douhaoYaz,3.0
wuxiaolianggit,26.0
BJohnBraddock,0.0
cs19b025iittp,0.0
dbbbbm,8.0
marlondantas,19.0
jordan-g,40.0
KNChiu,0.0
nazarblch,14.0
pratikchhapolika,14.0
Thorimus,0.0
hamanhbui,3.0
DateBro,196.0
abhijeetg12,8.0
myay,11.0
ErenBalatkan,21.0
rllelmz,0.0
huiw39,2.0
ehsanik,97.0
yuquanle,126.0
MahdiAbdolmohammadi,1.0
roguh,53.0
digital-nomad-cheng,22.0
SomaNonaka,8.0
kan25d5,3.0
des5ve,1.0
ritwikbera,3.0
dezhili,18.0
Afan227,0.0
hdvvip,14.0
TodoListIOS,0.0
yzfly,447.0
PhilippKitz,0.0
vdivakar,28.0
phanxuanphucnd,11.0
acholston,0.0
williamSYSU,55.0
mangyun,0.0
grimoire,184.0
eric-le-12,5.0
Grzetan,8.0
ORANKWON,2.0
etienne87,11.0
EnrcDamn,11.0
atranitell,19.0
PSCLab-ASU,6.0
Manoj-Kannan,0.0
lmiz100,1.0
BizhuWu,11.0
ChenKaiXuSan,5.0
ANLGBOY,37.0
emptysoal,8.0
SonOfGod777,3.0
yuxwind,17.0
lihsintseng,0.0
DashankaNadeeshanDeSilva,11.0
M-Daniyal-123,8.0
iodriller,5.0
Michael-OvO,55.0
sagnik1511,88.0
oscardpedrayes,3.0
zukangy,2.0
AdityaKarn,17.0
sung0471,3.0
ggxxding,3.0
MogicianXD,12.0
Hsankesara,114.0
phranq0,5.0
rohanath123,23.0
concordiaca,0.0
jefflai108,168.0
claydeman,0.0
vnj64,7.0
phoenix-meadowlark,6.0
mingshaofeng,1.0
vivektyagiibm,1.0
mk-michal,0.0
JihaoLee,
dl19940602,11.0
akihironitta,109.0
ninfueng,17.0
skyf0cker,27.0
shellkore,123.0
RBirkeland,16.0
Mjkim88,38.0
Marvin-desmond,7.0
YiPrograms,13.0
XueJiang16,9.0
SkyfengBiuBiu,3.0
rythei,12.0
TalentBoy2333,10.0
cwangjiang,7.0
arleigh418,86.0
Kiwoo,27.0
kenandaoerdect,3.0
zhiyunl,4.0
jbakermans,15.0
YangXuanyue,69.0
Amitahu,0.0
mousecpn,61.0
clovaai,649.0
Nial4,4.0
yingmuying,4.0
patugosavi,1.0
gathierry,23.0
BenjaminAm,2.0
