username,stars
LiYuan199701,0.0
RenaLu,0.0
UCI-ML-course-team,0.0
thanhhau097,30.0
ronithbinny,10.0
QQQQ00243,30.0
mzhang367,30.0
dyhan0920,30.0
VIPL-Audio-Visual-Speech-Understanding,0.0
batuhan3526,30.0
KongBe1999,30.0
SMKamrulHasan,0.0
lihsintseng,0.0
JasonGUTU,30.0
Ram81,30.0
r4ghu,30.0
yytang2012,30.0
dnlcrl,30.0
lnhutnam,30.0
skyf0cker,30.0
yusonghust,
yangyang-nus-lv,30.0
KhalilWong,30.0
eminem171333491,30.0
SethurajS,1.0
Neeti-Jain,1.0
austindelatorre,9.0
AishuaiYao,20.0
phranq0,3.0
deoelvenmage,0.0
boringleric,16.0
lucabergamini,4.0
BodyCSoulN,10.0
rgibbonp89,4.0
liuyundong-2020,17.0
steveowk,30.0
xolbynz,26.0
uchida-takumi,20.0
AmanPriyanshu,27.0
weiyangfb,27.0
geekyutao,30.0
yaoceyi,26.0
wang678,30.0
NaturezzZ,30.0
nudibranc,1.0
tensorinfinitysip,0.0
a7031x,0.0
collector-m,0.0
liaomingg,5.0
enterpine,7.0
b53k,5.0
wb014,30.0
Jiangshan00001,30.0
shehuan,30.0
goksinan,0.0
tamtzehei,5.0
AryanSarswat,4.0
eqy,30.0
evavanrooijen,3.0
heojae,30.0
tonysy,30.0
ramjv,6.0
itmorn,8.0
HiiYL,30.0
Haruka0522,30.0
w00zie,30.0
cypw,30.0
zbxzc35,27.0
HuzaifaToor,0.0
tomguluson92,30.0
DawnHH,30.0
RayTeen,0.0
NuealYoon,6.0
ligerfotis,5.0
kdh0429,27.0
adapa160,0.0
zxy317,4.0
yourFriendlyNeighbour,0.0
linjx-ustc1106,30.0
CarterMcClellan,25.0
Shenyve0101,7.0
Natsu6767,30.0
Premkumar7090,10.0
tollymune,0.0
jungwon1413,30.0
lucky7323,30.0
AuCson,30.0
rg321,30.0
martinwhl,26.0
mgharbi,13.0
Sayantan17,7.0
pratyush-1,3.0
Zchhh73,23.0
Prince9403,0.0
nikhilbudathoki,5.0
jweig0ld,2.0
suraj-maniyar,30.0
bnusss,0.0
security-softwares,
yingmuying,8.0
BurnhamG,0.0
shengteng19,0.0
ModelBunker,0.0
woojoo99,
wangwang1125,5.0
Donghwa-KIM,26.0
BizhuWu,30.0
randomMatrix77,0.0
abdxxw,3.0
concordiaca,30.0
aloomya,9.0
LoredCast,17.0
songyouwei,30.0
DongKeon,30.0
saidalfaraby,4.0
NeedC,20.0
ki-ljl,30.0
elvisyjlin,30.0
Thorimus,0.0
cjwcommuny,30.0
NULL-2019,3.0
nxu96,30.0
DanielCoelho112,30.0
ralcant,24.0
lorrywu,1.0
nicknochnack,4.0
raheelqader,6.0
shizhediao,30.0
IzzyBrand,3.0
zihaog0724,30.0
packyan,30.0
nikhilbarhate99,30.0
ricohasgithub,30.0
AmitNativ1984,3.0
rllelmz,0.0
samx97,16.0
gplast,30.0
DebasmitaGhose,30.0
ptklx,30.0
shanemankiw,30.0
stuartnankai,30.0
hanzlfs,4.0
FCYtheFreeman,30.0
zcemycl,30.0
STK101,30.0
wangjl-nju-2020,4.0
imdsafi09,14.0
CurtesMalteser,7.0
vnj64,8.0
eveningdong,6.0
Major357,25.0
youssefshoeb,0.0
yangyuke001,30.0
sharathmaidargi,1.0
ORANKWON,29.0
krisuety,20.0
hiroyasuakada,30.0
pradeepsk-23,0.0
pshlego,7.0
jeongabae,1.0
shivasanketh-rm,1.0
mxl1990,15.0
arnab39,30.0
wilkice,30.0
cc97nitu,1.0
os-hxfan,19.0
SomaNonaka,0.0
Xiehuaiqi,30.0
wilile26811249,30.0
AndreaCossu,30.0
AgnesNM,19.0
shimon-c,0.0
rachelpeichen,16.0
wenleix,30.0
tuladhay,22.0
ryanquinnnelson,6.0
y0ast,30.0
Desa1egn,0.0
devonsuper,4.0
tangshengeng,25.0
sicong-huang,30.0
HollrayChan,30.0
Luhaozhu,13.0
ajbrock,0.0
alejands,3.0
ty625911724,30.0
wenzhilong,1.0
LongLong-Jing,30.0
bbidong,10.0
hrzlmx,
RuurdBijlsma,30.0
sevenzero70,30.0
shubhamjn1,30.0
huiguoo,5.0
NateThom,30.0
Jintao-Huang,30.0
vprayagala,0.0
Munggoose,30.0
Xiaoctw,13.0
otzslayer,26.0
SummerHuiZhang,30.0
dragen1860,30.0
tewei,3.0
discdetsu,9.0
yumening7,3.0
jewfro-cuban,13.0
clw5180,30.0
pprp,30.0
ArnaudFickinger,0.0
YimingZzz,8.0
Vin-Xi,0.0
Hyunmok-Park,2.0
Jen-Jon,
DeepInEvil,30.0
Jw-Jn,4.0
vivektyagiibm,0.0
roguh,30.0
limberc,30.0
lmiz100,0.0
Michael-OvO,30.0
EliasPapachristos,30.0
chenzyhust,24.0
LucasVandroux,30.0
SAGNIKMJR,30.0
xiuyuan0216,14.0
beomgonyu,0.0
aaronespasa,30.0
tivandic,0.0
wjdghks950,30.0
Joyce94,30.0
ben-mackenzie,0.0
fcorencoret,17.0
EderSantana,30.0
Anubis7th,1.0
ZhenyueQin,
kir3i,17.0
XingruiWang,30.0
dreamplus1989,0.0
bellchenx,30.0
github-pengge,11.0
ferisetiawan,1.0
liuslnlp,30.0
Ovikx,12.0
obijzbo,0.0
Jiajun-Liu,26.0
Immortals88,19.0
SagarGuttal,6.0
ycjing,30.0
ihollywhy,30.0
Teun-Schuur,11.0
TahsinPavel,5.0
ArtyZe,15.0
Pragjnesh,0.0
kacostello,0.0
visbond,30.0
whzhangg,30.0
hurxx018,7.0
ziqi-zhang,30.0
zllrunning,30.0
ChawDoe,0.0
mits58,30.0
flarelink,5.0
nikunjlad,22.0
DoganK01,30.0
SpeedOfSpin,30.0
Joejiong,30.0
wnsgur1198,0.0
terrorizer1980,9.0
stanlee321,30.0
DongSky,30.0
Yogurt2019,30.0
yanjingke,5.0
ferpar,30.0
phohenecker,30.0
aiff22,0.0
Aismarter,30.0
abhishekyana,30.0
The-RunningSnail,10.0
lramach,1.0
JJASMINE22,26.0
GNN2QSU,0.0
plweegie,30.0
onlytailei,30.0
tobyshooters,2.0
zjcs,7.0
jordan-g,30.0
nikheelpandey,30.0
kaiyaointel,
mcgoughlin,5.0
adityarp9,14.0
koptelovmax,0.0
Ugenteraan,30.0
suilin0432,30.0
maxwellzh,8.0
kirant1008,0.0
baroibeo,1.0
WangYuzhen1996,30.0
renatoviolin,7.0
tejash21,0.0
ShivaKondapalli,0.0
Chifffa,11.0
ranjitation,9.0
Olembo,0.0
simotumoz,0.0
karlosdb,2.0
des5ve,0.0
Kevin-JisuKim,0.0
t107598066,0.0
Keezuu,8.0
erika1203,1.0
AnuExMachina,1.0
soumickmj,27.0
dl19940602,30.0
thesuperorange,30.0
romulus0914,30.0
YooJiHyeong,3.0
Ri0S,3.0
abhinav-bhardwaj,30.0
c1rew,30.0
Uchiha-Hieu,0.0
huwprosser,30.0
ml-lab,0.0
assafshocher,4.0
zhangjh915,10.0
TobiasDing,2.0
vinhkhuc,30.0
GenoZhang624,0.0
SeoLabASU,0.0
yshiyi,1.0
GlassyWing,30.0
elliottzheng,30.0
Grzetan,5.0
Andr1u5,0.0
JindongJiang,30.0
jtlai0921,2.0
kxgong,30.0
HarryVolek,30.0
aqc112420,30.0
Xiaoqiqiyaya,1.0
Desein-Yang,30.0
ZhichaoOuyang,30.0
mabirck,30.0
WHDY,8.0
DocF,30.0
Time1ess,6.0
wuxiaolianggit,30.0
eric-le-12,5.0
nuaazs,30.0
jkr26,11.0
psu-epl,0.0
CS4445-JasonDykstra,0.0
TerYang,9.0
Billijk,30.0
chriszhangwj,30.0
finnickniu,30.0
karoly-hars,18.0
adipandas,30.0
tabVersion,30.0
jang1suh,14.0
tfmoraes,30.0
rushiv0609,1.0
leimao,30.0
mf1024,30.0
lukemelas,21.0
jas-nat,26.0
PeterKillerio,
Michael5467,0.0
SDU-MagicMirror,0.0
sofiacatalan,7.0
pdefusco,21.0
trieutranq,8.0
qiuchili,0.0
crafter-z,18.0
rplzzz,30.0
mtiezzi,10.0
ayooshkathuria,24.0
hyeonjames,30.0
emojilearning,30.0
ZiJianZhao,30.0
HiroForYou,30.0
suyashjoshi,0.0
GilbertoCunha,30.0
cocoakang,30.0
yashbelhe,30.0
mnmjh1215,30.0
SaliencyDetection,0.0
R-Fehler,30.0
V-ea,30.0
bnicholl,1.0
Kiwoo,18.0
wcl20,2.0
SijmNoteboom,0.0
anuj27596,0.0
kurudj,2.0
langmanbusi,30.0
Logan-Lin,12.0
HoldemGK,30.0
Interesting6,23.0
goodhamgupta,30.0
biyoml,30.0
taniyarajani,2.0
Sunda233,30.0
ConorLazarou,
pharrellyhy,30.0
jaroslaw1007,30.0
jiangszzzzz,28.0
AndyPhoenix9879,
galidor,22.0
bigdatasciencegroup,0.0
MNaplesDevelopment,4.0
railiavaliullina,0.0
dhruvvpatel,3.0
Harryi0,12.0
PoonKinWang,21.0
dalinvip,30.0
Sarthak-22,30.0
ajinkya98,2.0
BUAAChuanWang,30.0
gagansingh894,30.0
mk-michal,11.0
liucongg,30.0
fatemehadadi,1.0
alexzhang19,3.0
LiuXinyu12378,30.0
andyguo666,18.0
chengkangck,30.0
EgOrlukha,1.0
Momilijaz96,30.0
LvXueshuai,1.0
ZdecydowanieNieGrzelczak,30.0
pangkun248,6.0
Xylambda,30.0
elzino,30.0
Pablo-163,6.0
sjwright90,12.0
thegyro,1.0
nghiahhnguyen,30.0
BenjaminAm,8.0
gicsaw,5.0
shinoyuki222,30.0
iliathesmirnov,6.0
haochen23,30.0
ritwikbera,24.0
asdf93074,12.0
aqbewtra,4.0
millermuttu,30.0
polasha,1.0
RimDan,12.0
as791,30.0
jiesutd,30.0
Bigpig4396,30.0
zheyejs,30.0
PouringRain,30.0
jsesr,15.0
wzwtime,6.0
amritasaha1812,1.0
BigChungusDaddy,0.0
mohdumar644,11.0
kawori,15.0
Cai-Yichao,30.0
nin-yu,30.0
pyxploiter,30.0
Lc-1024,23.0
Naagar,30.0
seanywang0408,30.0
zhangyi-3,25.0
G-U-N,30.0
holmdk,30.0
SaiPrajwal95,30.0
tqlong,2.0
yakunpku,30.0
AlanJacob97,0.0
karascr,30.0
rayan-yu,30.0
ehsanik,16.0
myay,30.0
zhoudaxia233,30.0
bekir23,8.0
mohak1,4.0
George0828Zhang,30.0
yuxwhkbu,
PhilippKitz,3.0
gongyongkang,0.0
huangtao36,30.0
Amitahu,2.0
Bil369,30.0
shellkore,30.0
MacJim,30.0
HsiaX,30.0
daomengkiller,3.0
bugsuse,30.0
zsypotter,4.0
rythei,3.0
WBGZDTSL,30.0
iffsid,30.0
laredein,0.0
zimengq,30.0
hughian,30.0
bhushan23,30.0
yuezuegu,14.0
NanWuIT,30.0
Schwolop,22.0
YOUSIKI,30.0
jameschengpeng,10.0
Eedvard,0.0
tnakae,30.0
ksadowski13,30.0
jweir136,13.0
tien02,30.0
jcheunglin,26.0
SpikeKing,30.0
Elain-q,0.0
CuriousCat-7,30.0
snowflakewang,30.0
Silent-voice,21.0
ElHouas,8.0
mario-rot,
YangXuanyue,30.0
yuxwind,30.0
RyanRizzo96,30.0
LeoWood,30.0
JammyL,1.0
FarukFS,0.0
omrahul,1.0
yueqiw,30.0
huyvnphan,30.0
14472506,0.0
muhmaz3,1.0
M-Daniyal-123,14.0
chenz97,30.0
hibagus,0.0
victorist,30.0
zhaort,6.0
YWHyuk,30.0
keep-steady,4.0
SwayambhuNathRay,21.0
chLFF,19.0
benlin131020,30.0
siyaroner,19.0
ggxxding,27.0
jralha,6.0
junqingchang,30.0
calebl37,1.0
hei4,6.0
MINGG2333,30.0
Kumarabhi666,0.0
ChiragJindal21,0.0
jrobertojunior,30.0
BoriaK,0.0
zukangy,2.0
HideOnHouse,3.0
Afan227,10.0
pb2377,0.0
lt-asset,0.0
iamrishab,30.0
mengzhangjian,30.0
vence-andersen,30.0
MouxiaoHuang,30.0
rohithkumar282,0.0
km-uchino,0.0
nicoyang-21,9.0
ashishjv1,9.0
HuguesTHOMAS,5.0
salmanmaq,30.0
hghimanshu,11.0
takmin,13.0
nazarblch,0.0
huiqu18,30.0
dayekuaipao,30.0
RonKbS,13.0
ouening,30.0
pranjal2410,30.0
Joseph-Winkle,10.0
jerryyyyy708,4.0
lpj0,30.0
Movahe,30.0
LiYangSir,10.0
TheInfamousWayne,0.0
TalentBoy2333,30.0
hwangtamu,30.0
Riadh-B,0.0
Subhasom,0.0
White1973,30.0
ixn872,23.0
AhmetFurkanDEMIR,30.0
pengfe2017,0.0
supernotman,16.0
AmartyaCSB,20.0
shaynaor,9.0
mruberry,2.0
TheArheus,2.0
MKowal2,19.0
GeoZcx,30.0
wormhole2019,10.0
SapanaChaudhary,13.0
MIV-Group,0.0
And1210,1.0
songrise,30.0
hdvvip,30.0
Ruitao-chen,21.0
JimLee1996,30.0
Conzel,30.0
wolverine28,6.0
eugenelet,30.0
poppyleo,30.0
georgeyiasemis,21.0
swatisingh45,30.0
shaoeric,30.0
HopLee6,15.0
mlexample,0.0
ANLGBOY,30.0
oskin1,30.0
deepnetni,23.0
mickymicmouse,9.0
Sunbaoli,5.0
martinobdl,13.0
nieosf,0.0
undefinedXD,17.0
s-chh,10.0
young31,30.0
elliotbeck,0.0
IanSullivan,30.0
semin-park,24.0
wk910930,30.0
HYU-GradProj,0.0
ap229997,30.0
yearing1017,30.0
minar09,30.0
bhuminiecki,0.0
glennglennglenn,0.0
DashankaNadeeshanDeSilva,4.0
MIVRC,0.0
WeidongLi-KG,30.0
zheng-yuwei,30.0
masonmsh,0.0
YZJ6GitHub,15.0
rm-rf-me,30.0
zhangzihaokev,4.0
kooyunmo,30.0
oscardpedrayes,12.0
mousecpn,30.0
aasharma90,30.0
LewisHS,0.0
rohitvk1,
Andrey885,1.0
cxiang26,30.0
miraclewkf,30.0
AnjieCheng,30.0
long95288,30.0
liteworldz,0.0
Knight3-code,0.0
VegetablesMaster,27.0
mansikataria,9.0
KarhouTam,30.0
Ren-Yaqian,0.0
Animesh-Chourey,0.0
maheshambule,30.0
xouan,19.0
Machine-Learning-And-AI-Projects,0.0
as595,0.0
Chronocook,4.0
NehaJSarnaik,1.0
preduct0r,0.0
bottlecapper,0.0
yawen-d,30.0
yeyanan93,30.0
ArgoHA,19.0
xiaokai11,1.0
jonnedtc,9.0
hs366399,1.0
callmewenhao,30.0
Ninebell,27.0
AyadAlmamary,30.0
BillSam,30.0
siddhanthaldar,30.0
TreezzZ,30.0
jettify,30.0
vidyadhariGithub,0.0
autohe,4.0
zmurez,6.0
diggerdu,30.0
muratonuryildirim,0.0
inkplatform,0.0
pr1266,14.0
mingshaofeng,30.0
ZhZhang711,7.0
LiliMeng,0.0
immortal-shuan,11.0
keapoa,0.0
richardvecsey,16.0
jama1017,30.0
Wengnianbiao,7.0
allanj,30.0
wangxianrui,30.0
NickyLam,6.0
loui0620,2.0
jhlee17139,0.0
2000ZRL,30.0
aeadod,30.0
chengsen,30.0
QCOIN-LAB,0.0
meiirbek-islamov,3.0
KIMI-debug-maker,1.0
qianyuqianxun-DeepLearning,30.0
Gerryflap,18.0
tscianmarello,0.0
chnsh,30.0
kaixu-zen,
zinsmatt,15.0
yingqing0317,30.0
eran505,0.0
splionar,30.0
ruihangdu,30.0
bamasa,30.0
DerekGloudemans,30.0
J094,30.0
Geonhee-LEE,30.0
furkancoskun,30.0
qiaosiyi,30.0
Marvin-desmond,7.0
lingchuL,30.0
juni-lee,0.0
chriselrod,30.0
AdityaKarn,6.0
rimusa,8.0
Wangt-CN,30.0
Natsagdorj-Choijilsuren,1.0
Normalist-K,26.0
mrGreat1110,1.0
huiw39,0.0
huohuayuzhong,30.0
QAQgc,21.0
Sandbox3aster,30.0
Hung-Ta-Chen,0.0
quking,22.0
KellerJordan,30.0
ahnan4arch,30.0
Spijkervet,30.0
xiaohao-lin1,11.0
vedantbonde,2.0
Derpimort,14.0
rileyblack,0.0
jefflai108,30.0
rohan1561,0.0
Tathagatd96,0.0
manhlamabc123,14.0
z-bingo,30.0
vyraun,30.0
paulosestini,14.0
satya77,14.0
changyu98,30.0
echurch,0.0
CODEJIN,13.0
zoe0919,30.0
soeque1,30.0
mingminzhen,15.0
tuananh1007,30.0
grimoire,30.0
589hero,24.0
codinglover-Noman,0.0
Dawnstar8411,7.0
henrypowell87,3.0
ian-jihoonpark,20.0
HAOLI-TUKL,30.0
SindiLab,0.0
mangyun,0.0
myungsanglee,4.0
Blue-Giant,14.0
qilei123,2.0
pranavajitnair,30.0
fan-linhao,3.0
emptysoal,20.0
prismspecs,29.0
KNChiu,16.0
AJingshou,30.0
SWHL,1.0
lienguang0624,26.0
sebaF96,30.0
wtergan,2.0
mikekutzma,30.0
tqxli,30.0
ImKeTT,30.0
thydeyx,0.0
ji-in,30.0
AtalsKim,30.0
yl-1993,30.0
lyl7650,30.0
mingman514,3.0
saehan-choi,6.0
odegeasslbc,30.0
sabirdvd,30.0
sfc-computational-creativity-lab,0.0
DARK-art108,30.0
guo-pu,30.0
chaozhong2010,30.0
Huanghongru,30.0
vidursatija,30.0
bin-go2011,30.0
prateekm08,19.0
xinshuoweng,30.0
vltmedia,30.0
aishangcengloua,20.0
machine-perception-robotics-group,0.0
iodriller,8.0
meder411,20.0
Kodamayuto2001,30.0
shufanwu,30.0
vakkov,30.0
AICommons,0.0
andrewsunst,0.0
RizhaoCai,30.0
thuyngch,30.0
danielkelshaw,30.0
pratikchhapolika,30.0
Linardos,2.0
yhung119,30.0
fedetask,20.0
lucasroitman,
Manoj-Kannan,0.0
tomron27,2.0
mcculloh213,30.0
chinnadhurai,16.0
daveboat,1.0
1079863482,30.0
abhijeetg12,30.0
EthanRosenthal,29.0
DGenady,0.0
mimbres,30.0
cwangjiang,0.0
Jason0917,4.0
bob831009,1.0
9bow,30.0
billtubbs,30.0
jiajunhua,0.0
qarchli,0.0
RajanNV,0.0
ahstarwab,6.0
anujdutt9,30.0
Spiffical,30.0
DrTang2000,11.0
AtmegaBuzz,30.0
wendywlh,1.0
naiveHobo,30.0
y3sar,30.0
jiayongzhang,30.0
GeneralLi95,30.0
chengjie11,14.0
ShawnFrost23,1.0
Enoch-Zhang,5.0
aru31,30.0
VishalBalaji321,13.0
Sebastian514,30.0
weibifan,19.0
vvagias,30.0
Flo11,0.0
MauiDesign,0.0
matthewfeickert,30.0
HuangLongji,4.0
Lkruitwagen,30.0
gathierry,12.0
ChenZhouUC,12.0
MlWoo,30.0
stevewongv,30.0
jvlk,0.0
pcmin03,5.0
InformationRetrieval-Hongik,0.0
joeljosephjin,30.0
Thepnathi,30.0
marsolo93,0.0
3rd-Musketeer,23.0
gilisho,30.0
csjiangwm,30.0
hankniu01,30.0
15101538237ren,30.0
dongwhfdyer,30.0
leeesangwon,30.0
rohitgajawada,30.0
jiantenggei,29.0
1219521375,30.0
zhanghang1989,30.0
Maggiking,
nmnsharma007,3.0
mesmerx,5.0
yasin624,30.0
iArunava,30.0
oshima-yoppi,15.0
MoMe36,30.0
JasperGA,0.0
LY-Road,7.0
qinhaihong-red,0.0
StonecutterX,30.0
yzfly,30.0
hayashimasa,20.0
mehdi-mirzapour,30.0
sunlanchang,30.0
randalong,2.0
Hauf3n,26.0
yuniktmr,9.0
grassknoted,30.0
dribnet,30.0
YangfeiLiu,30.0
Bugdragon,30.0
nmd-2000,
bollakarthikeya,6.0
wangqs97,30.0
ghnreigns,30.0
linksense,0.0
chagmgang,30.0
Wayho,30.0
Yukiyousa,30.0
kenkimatsumoto,0.0
JunsukLee,11.0
stabgan,30.0
tanreinama,2.0
rschwarz15,5.0
schelotto,30.0
sung0471,1.0
Dot8Pixels,0.0
YeonwooSung,30.0
CharlesNord,30.0
pei-hsin-chiu,13.0
curaai,30.0
MohsenFayyaz89,30.0
fzp0412,1.0
sechetbot,0.0
danielliucs,1.0
abzb1,15.0
abdulghaffaransari,0.0
machiredd,0.0
KoryBurns,0.0
pbehjatii,4.0
binhnd102,5.0
boluochuile,30.0
NoOneUST,30.0
ishine,30.0
doduythao,30.0
skrish13,30.0
yoonsanghyu,2.0
takeru1205,30.0
dourgey,30.0
dongzhuoyao,30.0
SeanLee97,30.0
dollarkillerx,30.0
Unicorn-acc,25.0
yukkyo,30.0
andreabassi78,14.0
atranitell,30.0
mswzeus,0.0
YuBeomGon,0.0
tstandley,10.0
phoenix-meadowlark,2.0
lixiangbao,5.0
DableUTeeF,30.0
alex-lechner,30.0
SaralaSewwandi,0.0
LiaoWC,30.0
sg-nm,5.0
evgen32cd32,4.0
kokurisann,2.0
AdityaVashista30,17.0
arnoweng,30.0
Avi197,30.0
Chen-Junbao,8.0
ParsonsZeng,30.0
Di-Weng,8.0
Hoshi-masahito,0.0
RolandGao,30.0
nakashima-kodai,23.0
sdecoder,0.0
mmkekic,0.0
yeeeqichen,30.0
erickingxu,12.0
jianzhangcs,30.0
HopefulRational,3.0
martinetoering,30.0
sgrvinod,3.0
nradair,0.0
gary109,30.0
xiaohuihuichao,30.0
Karthik-Ragunath,13.0
satolab12,30.0
TodoListIOS,0.0
milleniums,19.0
frechele,30.0
lhsheild,30.0
lz1159435992,21.0
ShaoQiBNU,30.0
UditSinghParihar,30.0
mlpotter,8.0
waitwaitforget,30.0
yerimoh,4.0
DXNNX,0.0
bioinf-mcb,0.0
cross32768,30.0
Rubiksman78,30.0
mmk-ai,
1587257781,10.0
carlosdcastillo,15.0
Riretta,6.0
Sbaig3229,3.0
1058011747,2.0
Chaiyanchong,30.0
brainsoft-ai,0.0
kumarvis,1.0
masora1030,4.0
yutayamazaki,30.0
Lorenzoncina,30.0
sheepover96,30.0
sreenithy,30.0
captain-pool,30.0
VedantGhodke,30.0
zhenming33,30.0
KarimElshetihy,8.0
Eureka-JTX,
mrtunguyen,30.0
DaehanKim,30.0
VHCC,30.0
ilex-paraguariensis,4.0
RorschachChen,30.0
shumaym,0.0
OniroAI,0.0
Zoesxw,30.0
naveen-hyperworks,0.0
anexplore,30.0
rensutheart,3.0
wangzhengy,14.0
voidbag,17.0
zhiyou720,6.0
vdivakar,30.0
Yaoyuanzhou,30.0
grantsrb,1.0
LYoung-Hub,1.0
caganselim,23.0
sumanth0892,1.0
weizhou-geek,22.0
LJKS,0.0
hagerrady13,15.0
yy1401,6.0
SeHwanYoo,9.0
myxuci,0.0
AiueoABC,30.0
dlgyy,5.0
sowd,19.0
ooooooooe,20.0
Knight-Antonio,0.0
julian-8897,30.0
BenMueller1,7.0
Learner0x5a,30.0
ramsRahim,14.0
aksenventwo,30.0
lgalke,30.0
mrcgliu,
Chaanks,30.0
mmedlin1997,1.0
deephub-ai,0.0
AleX77NP,30.0
Shawn-Guo-CN,30.0
gclausen0272,1.0
jain-avi,1.0
aflah02,30.0
HsLOL,30.0
txrc,30.0
KonroyZhu,10.0
lihao2333,30.0
ChungYi347,5.0
freezinghands,7.0
crane719,0.0
Chung-I,30.0
Samuel-Bachorik,1.0
JackHCC,30.0
js05212,27.0
cccshuang,5.0
comeeasy,30.0
shambhavimalik,23.0
goldhuang,9.0
n0obcoder,10.0
jaehyunnn,30.0
interactivetech,30.0
Nihal987,1.0
JerryJack121,6.0
Shivali121327,2.0
rahuldshetty,30.0
reddy92rosh,0.0
BJohnBraddock,14.0
developer0hye,30.0
ssss1029,30.0
SonOfGod777,10.0
bigmb,30.0
swt-user,12.0
XuLongjia,30.0
cs19b025iittp,1.0
JoursBleu,23.0
yjh0410,30.0
aertist,30.0
DavideA,14.0
zym1119,19.0
tpbarron,14.0
shreyas-kowshik,30.0
clcarwin,30.0
moqi112358,30.0
MVIG-SJTU,0.0
OctopusLi,1.0
probtorch,0.0
leonoravesterbacka,2.0
hihiendru,13.0
zhengfangwu,30.0
plok5308,9.0
CheQiXiao,5.0
yaox12,30.0
mathamp,0.0
arleigh418,30.0
guilhermedrud,5.0
qq249356520,30.0
Awcrr,30.0
krishnan-meep,3.0
wzg16,2.0
long123524,30.0
hphp777,4.0
WildCatFish,6.0
kevincao91,8.0
dmkaner,13.0
siniphia,18.0
omerunlusoy,1.0
KaranjotSV,6.0
JoonyoungYi,30.0
makifozkanoglu,21.0
SunYW0108,30.0
alxfed,6.0
Mark-Sang,30.0
ShomyLiu,30.0
torch-points3d,0.0
danielzgsilva,3.0
faportillo,0.0
AEMARV,2.0
sovit-123,30.0
ceisenach,0.0
patugosavi,30.0
scottjiao,30.0
mightydeveloper,30.0
jingxu10,1.0
qq751220449,22.0
chrockey,30.0
BruceJust,30.0
claydeman,5.0
espectre,30.0
liulai,15.0
edwardning,6.0
RuiZhang-ICT,2.0
otenim,30.0
xhzhao,21.0
rskmoi,30.0
Ed-gong,1.0
BannyStone,30.0
martius-lab,0.0
GuilhemROLLAND,6.0
Beitadoge,30.0
spkywood,30.0
ShaoXiang23,30.0
NoyMoreno,0.0
davidtvs,30.0
Arseni1919,11.0
gdelacruzfdez,30.0
tori22,30.0
HuipengXu,30.0
Hui-Li,10.0
Wredter,2.0
moaz-elesawey,23.0
ROCmSoftwarePlatform,0.0
Jane-123,1.0
zonghaofan,30.0
TLampr,12.0
Wayne122,4.0
data-race,30.0
qwqw1314,2.0
alekseynp,8.0
tangruofeng,18.0
Ivanaluo,
Etc170322,10.0
wizard1203,30.0
Youngjae-Lee,0.0
yunbattle1994,6.0
JimpeiYamamoto,12.0
cyk1337,30.0
heathcliff233,30.0
dongyang2,5.0
wakandan,30.0
Abhipanda4,30.0
VisionSystemsInc,0.0
rasbt,30.0
Gezahiegn,0.0
cjearce,0.0
conebot,0.0
neuece,30.0
NSpil,9.0
itrusteyou,0.0
nslay,6.0
YueWenjun,30.0
cmFighting,30.0
Keiku,30.0
Rozi1,1.0
CestLucas,11.0
suolyer,30.0
percent4,30.0
FurkanYlmz97,1.0
ducminhkhoi,30.0
tomershay100,1.0
JihaoLee,
wangmengsd,30.0
HadasBabayov,0.0
LizzieTang,2.0
kenandaoerdect,30.0
undertherain,26.0
jaegpark,30.0
pedrob37,7.0
tulacik,0.0
jxm6165,11.0
michaelfedell,30.0
tachillon,3.0
LeifYaoYuXiang,30.0
xinzcode,30.0
dulayjm,30.0
AIFanatic,0.0
ymitiku,2.0
Smorodov,30.0
laubonghaudoi,30.0
2KangHo,30.0
JinFree,30.0
FredaWerdiger,0.0
huzi96,8.0
Codelegant92,30.0
rehohoho,12.0
zzsdsgdtc,0.0
IdanAzuri,30.0
minhna1112,30.0
krumo,30.0
Nebula4869,0.0
david990917,30.0
singularity014,2.0
hiepbkhn,30.0
w452144816,30.0
igeng,30.0
setyongr,30.0
ldeecke,6.0
v0lta,30.0
samggggflynn,30.0
GeniusAng,10.0
cfinlay,30.0
hkhpub,30.0
sihamdmostafa,30.0
reshow,30.0
hsuchengmath,30.0
jillnano,30.0
clvrai,0.0
Xiangyi1996,18.0
apsarath,3.0
mtliba,30.0
iskovskikh,0.0
JuheonYi,30.0
ethandrzb,2.0
vdecaro,12.0
tabularasa066a,8.0
KuoHaoZeng,30.0
nikcheerla,26.0
UncleThree0402,30.0
Yuagilvy,0.0
vujadeyoon,30.0
agrechnev,0.0
juntang-zhuang,30.0
jingjin25,30.0
zack-yu666,0.0
andrew-bydlon,0.0
CreeperLin,30.0
ahmedfadhil,6.0
harimaruthachalam,5.0
tszdanger,30.0
sobikaa,0.0
Nial4,30.0
branislav1991,10.0
yinizhizhu,30.0
AdarshK1,3.0
Xiangyu-CAS,30.0
bartonlin,1.0
kunjan-mhaske,10.0
DebeshJha,30.0
Dzautriet,19.0
FLyingLSJ,30.0
adaamm,30.0
imkuang,30.0
pengyuchen,30.0
EnzeXu,10.0
hamanhbui,0.0
haotian-liu,30.0
torchvideo,0.0
curtdissel,0.0
tedhuang96,30.0
rolambert,30.0
kan25d5,3.0
mollerhoj,30.0
assafge,5.0
lyp741,30.0
kenshohara,30.0
MaximeAeva,24.0
swarnadeep8597,6.0
xz6014,30.0
coldhenry,5.0
filipwinzelllth,
MagaliDrumare,0.0
ijinjay,30.0
nishant1995,0.0
Nakanoma,0.0
DragonChen-TW,30.0
ppva,6.0
oded282,0.0
hefan1,30.0
opatrickchen,11.0
polyuxdq,5.0
201419,30.0
June01,30.0
yipersevere,
foamliu,30.0
Gaozhongpai,30.0
gautam-sharma1,7.0
chakam1307,
mzamjadi,4.0
hz-ants,30.0
YaddaShang,10.0
kevalmorabia97,30.0
Glushiator,30.0
dbbbbm,30.0
domisProgrammingMemes,0.0
ConnorJL,4.0
neetmehta,1.0
Mayukhdeb,30.0
Ikomia-hub,0.0
duc-ke,17.0
digital-nomad-cheng,30.0
Lan-ce-lot,30.0
hsur753,3.0
kobykotiv,30.0
Swag-tb,1.0
MatthewCaseres,30.0
kehuantiantang,15.0
LuisEstebanAcevedoBringas,0.0
IFADA,0.0
stephkno,13.0
bo-10000,29.0
nickiteks,0.0
crcastillo,1.0
KevinChen1994,30.0
yoshua133,16.0
gajdikuka,
Mjkim88,30.0
AnnYoS,0.0
koochak-mehdi,0.0
yifuxiong,6.0
rohanath123,3.0
uitae-kim,5.0
arvention,30.0
MayankSingal,8.0
Honsia,8.0
yyashkir,1.0
D0miH,30.0
Gavin0203,0.0
yqy,1.0
IVPLatNU,0.0
dsp6414,30.0
kevinkbc,0.0
samsungexpert,0.0
julianstastny,8.0
braveapple,30.0
NguyenThanhAI,19.0
futureisatyourhand,21.0
rowantseng,4.0
reetc,0.0
ISwordLion,8.0
LennonLau,20.0
mengzhu0308,0.0
SkyfengBiuBiu,18.0
vy007vikas,30.0
sssharaf,0.0
PrimadonnaGit,30.0
shreyas0906,28.0
luninsun,11.0
borhanreo,10.0
billzhaox,11.0
sarvesh211999,4.0
aitorzip,24.0
StephenStorm,30.0
dalgu90,30.0
holdfire,30.0
Finterly,0.0
dezhili,20.0
8yrce,0.0
ljwa2323,30.0
mashagua,21.0
heming-zhang,21.0
Strideradu,30.0
KnurpsBram,16.0
syys96,30.0
hiyouga,30.0
ycchen1989,30.0
tomelf,30.0
ntlm1686,30.0
gireeshkbogu,30.0
Oops404,30.0
Lluvia-Tang,1.0
SunnerLi,30.0
Averyyy,25.0
congffu,13.0
Hsankesara,30.0
MaskedIsland,0.0
XueJiang16,30.0
gormlai,30.0
Shimwonhyung,0.0
mindingyao,30.0
wwz58,13.0
williamSYSU,30.0
souravsingh,30.0
tienluongngoc,9.0
AlanGacihi,1.0
VictoriousRaptor,30.0
WageningenKing,30.0
biditdas18,0.0
chlee1983,2.0
joshuwaifo,3.0
dkp1903,30.0
ammar885,1.0
kogans1107,0.0
JamesWang007,4.0
xiong-ml,0.0
salmedina,30.0
lldustc,1.0
SSusantAchary,30.0
Reza-Pourrahim,1.0
JoKerDii,30.0
zhulf0804,30.0
ChenEating716,30.0
lantgabor,30.0
jiayi9,3.0
7689000,0.0
erikreppel,30.0
abhayraw1,30.0
zhenshen-mla,26.0
cthurston-clgx,7.0
yashpansari,7.0
Sudhanshu1304,30.0
annadapb,3.0
rayankrish,1.0
t-vi,0.0
BaoWentz,30.0
ZrcLeibniz,1.0
Doragd,30.0
mattresnick,0.0
kawhidiot,
CeasonCui,5.0
MarkhamLee,27.0
frozenparadox99,30.0
ZhangMingxin1997,
cainspencerm,8.0
AiMizuno,30.0
Jaela-C,0.0
MohitJuneja,22.0
iShohei220,18.0
GermanPaul12,10.0
shruti2126,7.0
theidentity,6.0
KanghoonYoon,30.0
Ravitha,10.0
clovaai,0.0
sadhana1058,1.0
shubham1810,30.0
jhhuang96,30.0
douhaoYaz,9.0
safwankdb,30.0
ElliottYan,30.0
djycn,1.0
ashawkey,30.0
bsh0137,0.0
JieChenSimon,9.0
SteinsGate9,11.0
jxgu1016,30.0
smiler96,30.0
cspartalis,12.0
bliunlpr,14.0
goys94,0.0
adaliuBC,6.0
Yuuraa,30.0
akihironitta,30.0
GuHongyang,30.0
mpalaourg,30.0
zwx8981,30.0
apacha,30.0
Optimus1072,4.0
experimenti,30.0
YuehChuan,30.0
johnny-walker,0.0
diabhiue,30.0
chun8933,0.0
socar-serena,25.0
juderoque,1.0
hyungminr,4.0
meizaguirre86,0.0
Technologia-X,0.0
vinesmsuic,30.0
logarithm27,1.0
SJ-Chuang,2.0
lembolov9,2.0
tristandb,12.0
marlondantas,22.0
ddiddi,20.0
kalviny,26.0
fengye-lu,10.0
hliangzhao,30.0
NIRVANALAN,30.0
erilyth,30.0
SukerZ,23.0
acholston,0.0
xu3kev,30.0
alantanlc,30.0
whywww,24.0
MMU-VisionLab,0.0
sagnik1511,30.0
pyaf,30.0
mklimasz,30.0
nebula-beta,30.0
zhtjtcz,30.0
marcoseraphin,2.0
stoneyang159,30.0
ShawK91,6.0
elcolie,30.0
KostasTok,3.0
daisyjack,30.0
sneha0401,1.0
chuanli11,30.0
zhsaile,30.0
VincLee8188,17.0
Smallflyfly,30.0
SiavashCS,8.0
CamiWilliams,30.0
XieYuanfeng,1.0
Syavaprd,0.0
charliehpearce,30.0
hieubkvn123,30.0
ik9702,23.0
trisha025,15.0
g1wang,30.0
Advaiit,0.0
MoaazAbdulrahman,0.0
vivanov879,27.0
DesperateMaker,10.0
amirmallak,0.0
xChiri,0.0
jielongzhong,
ColinKohler,5.0
gpauloski,19.0
zhoujx4,30.0
aykutfirat,14.0
Pradip-Kathiriya,0.0
edwardwterry,1.0
smj007,30.0
r4ho,0.0
justusschock,30.0
HanshuYAN,30.0
aayushs879,16.0
ACVAE,0.0
clearlyCoding,0.0
LiuLinyun,16.0
izmailovpavel,30.0
ErenBalatkan,30.0
jjgarau,4.0
abidikhairi,30.0
Xingxiangrui,5.0
hortune,30.0
Allen2401,14.0
SSARCandy,30.0
ml-illustrated,10.0
luuuyi,30.0
Dave0x21,10.0
zhuodannychen,30.0
taoyang1122,30.0
limingcv,30.0
anushmite,10.0
wadmes,9.0
rahulrathnakumar,22.0
rmehta1987,30.0
ccoltong1215,30.0
lukazaplotnik,0.0
goldenbili,0.0
Rahul250192,0.0
hunkim,30.0
chuliuT,30.0
ashuuuriii,0.0
nriteshranjan,10.0
xvdp,4.0
youzunzhi,30.0
chenyuntc,30.0
tigerneil,30.0
thaoshibe,30.0
HengyiWang,30.0
ZengyuanYu,30.0
zhenghao977,30.0
gigantenbein,13.0
givenone,30.0
mrkieumy,0.0
DetectionBLWX,0.0
ryujaehun,30.0
ha2sd,1.0
tiruota,0.0
Mahsa13473,24.0
yuquanle,30.0
Lyken17,30.0
Windxy,30.0
JunMoLee,0.0
MightyRaccoon,1.0
zsef123,30.0
jbakermans,1.0
ninfueng,30.0
lbz2020,6.0
leichenNUSJ,10.0
summary-GodBlessYou,13.0
arynoviyanto2,0.0
jinalharia,16.0
winston-lin-wei-cheng,0.0
wutianyiRosun,30.0
gittygupta,7.0
pjdevs,20.0
ArsenFromCrimea,0.0
hisham-kottayil,1.0
MogicianXD,30.0
VissageMo,30.0
PhotoWolf,1.0
fanq15,30.0
DateBro,30.0
xk-huang,30.0
ndb796,30.0
ppx-hub,30.0
JASON7033,11.0
zhouruikun,5.0
leichtrhino,5.0
dongheehand,30.0
EnrcDamn,0.0
rahul-jha98,26.0
Cynthia-shi,5.0
GerogeZhi,0.0
yururyuru00,4.0
Keillion,30.0
TTdeveloping,16.0
koenry,0.0
aditya12agd5,1.0
taowenyin,30.0
xelahalo,30.0
BlackyYen,
Julia-Run,
kumar-shridhar,30.0
Kitware,0.0
guolinbuaa,5.0
sckim0430,30.0
BaekKyunShin,19.0
rshormazabal,30.0
satyakrishnagorti,30.0
elonashatri,26.0
AMITKESARI2000,16.0
SnowIsWhite,30.0
Lornatang,1.0
shivanisrivarshini,2.0
diaomin,4.0
kose,0.0
codes1gn,22.0
ShreyDixit,6.0
matsengrp,0.0
kikizxd,21.0
ChenWentai,3.0
rczhen,30.0
CAM1113,13.0
ChenKaiXuSan,14.0
ZhiwenShao,14.0
YiPrograms,30.0
zhaoyuzhi,30.0
traveller59,30.0
vohoaiviet,0.0
leoriohope,15.0
hrxorxm,30.0
InvictusY,30.0
delira-dev,0.0
SilentStars,9.0
VikHerr,0.0
skmhrk1209,10.0
De4r,1.0
1zuu,
humblemat810,2.0
PPhub-hy,0.0
djosix,30.0
devbruce,30.0
Marwanmhks,15.0
romainVala,5.0
peterzhang2029,30.0
BarCodeReader,26.0
Pokemon-Huang,17.0
SyedaSakinaZaidi97,0.0
juun9714,20.0
antihutka,2.0
dingjun6953,3.0
Grand251,0.0
nurpeiis,6.0
saeedahmadian,3.0
IMAC-projects,0.0
bearbearyu1223,30.0
PengBoXiangShang,30.0
tochilkinva,14.0
happyConan,6.0
vimarshc,7.0
ShanksVision,0.0
Ninoko,30.0
MMSS9402,3.0
xiaywang,5.0
erikqu,30.0
jiaxiang-cheng,30.0
Vipermdl,30.0
MMorafah,25.0
TheRealBaka,30.0
PacktPublishing,0.0
noahzn,30.0
pahung1999,0.0
RBirkeland,9.0
philipjball,30.0
ugin331,12.0
dixiyao,30.0
beni045,5.0
SatoKeiju,5.0
Bovbene,0.0
RohauerRobotics,15.0
JohnNehls,30.0
DeepLatte,30.0
pirunita,30.0
dailai,16.0
ZiqiChai,30.0
ainrichman,30.0
shahuzi,7.0
xueleichen,30.0
johnhany,30.0
Huang-rookie,1.0
cdschtz,30.0
milindmalshe,0.0
maggeek,2.0
VecihiAsim,0.0
ydon1111,30.0
ChunjieShan,30.0
st186,30.0
lighTQ,30.0
MaxandYuki,3.0
dat3814606,14.0
SWKoreaBME,30.0
arielkuong,3.0
zzzzzzzzzzzzz,30.0
smitheric95,30.0
Fuyi-Yang,2.0
xkiwilabs,3.0
maingoc1605,5.0
antonyvigouret,10.0
brian-you98,30.0
amnsr17,0.0
ElifCerenGok,3.0
quaziadib,3.0
HenrySchwerdt,13.0
keyu-tian,30.0
SeanCho1996,19.0
m12sl,21.0
gazeai,0.0
EthanJYK,8.0
Ninzore,30.0
good5dog5,30.0
MaximumEntropy,30.0
PSCLab-ASU,0.0
yoonhero,30.0
pd90506,30.0
phanxuanphucnd,30.0
CalumMacLellan1995,1.0
Mystiking,6.0
MahdiAbdolmohammadi,3.0
quantbruce,30.0
puririshi98,1.0
ntkhoa95,30.0
jusque-a-la-fin,0.0
NitzanHod,9.0
Shrey-Viradiya,30.0
ytZhang99,30.0
kiddliao,30.0
Gvence,2.0
yaoyi30,19.0
threewisemonkeys-as,30.0
junzhouye,30.0
henie2333,3.0
m0sys,30.0
AnantVijaySingh,2.0
FangShuheng,30.0
ali2009a,0.0
zhiyunl,30.0
leognha,0.0
etienne87,30.0
wfraher,1.0
codtiger,30.0
xddun,30.0
HyperGDX,4.0
shuaizzZ,30.0
yjt2018,0.0
Alexiland,30.0
tomdburns,9.0
amitmeel,30.0
abhilashabhilash3,0.0
Kongsea,30.0
